epoch,alpha,lr,objective,val_auc,val_ap,linear_norm,cubic_norm,cubic_to_linear_ratio,linear_cubic_cosine,net_norm,net_to_linear_ratio,z_norm,w_norm,dataset,fold,split_seed,init_seed,embedding_dim,run_seconds
0,0.000327275821516858,600.0,3.999997280059065,0.5803900591305353,0.5732192993948928,583.5724862331937,1.3089256818681296,0.0022429530396761836,-0.007670035237836655,583.5839935552608,1.0000197187536057,2.946470764551771,5.651041327595303,cora,0,10000,110000,16,2.2295600729994476
1,0.000327275821516858,600.0,3.9999869325280475,0.5780190547788749,0.5695501057497283,387.63540281358974,1.3159069880103629,0.0033947028018056708,0.02915043030711886,387.59927543168965,0.9999068006130558,2.9513333869071245,5.654706754133113,cora,0,10000,110000,16,2.2295600729994476
10,0.000327275821516858,600.0,3.9999776667092553,0.584365828622649,0.5787938764836564,31.166784601643563,1.3968078441681515,0.04481719439529516,0.8123797222227389,30.043089753581523,0.9639457562778939,3.00580681915141,5.69415208482424,cora,0,10000,110000,16,2.2295600729994476
20,0.000327275821516858,600.0,3.9999761511331196,0.5911318654310458,0.5904079188312106,31.057972021182618,1.4974318385954726,0.048214089367270084,0.8536734975586424,29.789864158591907,0.9591696501714337,3.0704005734228192,5.740975541382066,cora,0,10000,110000,16,2.2295600729994476
30,0.000327275821516858,600.0,3.999974494825549,0.5970738336538044,0.5987358921638811,32.57598205507968,1.6083687398879747,0.049372839694242665,0.8533956118587909,31.21466820467266,0.9582111186055634,3.1383226365176373,5.790554503575205,cora,0,10000,110000,16,2.2295600729994476
40,0.000327275821516858,600.0,3.9999726737767025,0.6036374676516937,0.6097985976581881,34.218545496816006,1.7310147605289044,0.05058703505354934,0.853043816712788,32.75437234820716,0.9572111225842407,3.209828719739029,5.843118829897703,cora,0,10000,110000,16,2.2295600729994476
50,0.000327275821516858,600.0,3.9999706657952214,0.6102011016495829,0.61982259936818,35.999084394622194,1.8670088045171132,0.0518626747294723,0.8526537681300244,34.42099713268012,0.9561631277994999,3.2852021335195443,5.898925231707351,cora,0,10000,110000,16,2.2295600729994476
60,0.000327275821516858,600.0,3.9999684449743373,0.6171550839248796,0.6329933597100502,37.93322170318207,2.0182918128125946,0.05320644338108745,0.8522638815678244,36.22849203757197,0.9550597183927803,3.3647577808816638,5.958260764279835,cora,0,10000,110000,16,2.2295600729994476
70,0.000327275821516858,600.0,3.9999659809767607,0.6238488340152382,0.6434815383318271,40.03859571127567,2.1871809496740506,0.05462681472262767,0.8519245699882497,38.1924602511909,0.9538911036391604,3.448846453740894,6.021447224917644,cora,0,10000,110000,16,2.2295600729994476
80,0.000327275821516858,600.0,3.9999632381779273,0.6312654512859808,0.6557438306286746,42.33510010243429,2.3764677230401836,0.05613469006309343,0.8517003522123086,40.3302933692272,0.9526443370074419,3.537859685016294,6.088846222838963,cora,0,10000,110000,16,2.2295600729994476
90,0.000327275821516858,600.0,3.999960174640556,0.6382049762176698,0.6665208283549424,44.84513908192579,2.589549751979751,0.057744268498064105,0.8516716789915107,42.66128438500374,0.9513023096453675,3.6322352048768014,6.160864996340343,cora,0,10000,110000,16,2.2295600729994476
100,0.000327275821516858,600.0,3.999956740892756,0.6455203920831586,0.6790953747584625,47.59389262566137,2.830610220812223,0.059474232189321546,0.8519358697515972,45.20670060420422,0.9498424715911966,3.732463013392831,6.237963042284248,cora,0,10000,110000,16,2.2295600729994476
110,0.000327275821516858,600.0,3.999952878481478,0.653500845754601,0.6901525672188911,50.60958428553102,3.10486545641119,0.061349357048539374,0.8526063227476891,47.989790602118546,0.9482352261849846,3.8390920425817128,6.32065959876889,cora,0,10000,110000,16,2.2295600729994476
120,0.000327275821516858,600.0,3.9999485182758643,0.6615535861440819,0.7002250132575287,53.92374009396973,3.4189102536790923,0.0634026914253566,0.8538088152186097,51.03568923769658,0.9464419409477104,3.952737318186383,6.409541976486885,cora,0,10000,110000,16,2.2295600729994476
130,0.000327275821516858,600.0,3.999943578503181,0.6684786537321632,0.7115391429291817,57.57142180197384,3.7812034178183094,0.06567847899995186,0.8556733736034591,54.37117164374407,0.944412521732787,4.07408743539324,6.505274657237948,cora,0,10000,110000,16,2.2295600729994476
140,0.000327275821516858,600.0,3.9999379625170928,0.6751145744480909,0.7200896181941607,61.59141053407374,4.202753162799586,0.06823602717256376,0.8583200372016452,58.0241906628702,0.9420825105275016,4.203912020295656,6.608608955003231,cora,0,10000,110000,16,2.2295600729994476
150,0.000327275821516858,600.0,3.999931556329033,0.6827046798421258,0.728746091135226,66.02630746699111,4.698083318808173,0.07115471846062134,0.861837191509859,62.02311247007483,0.9393696974661558,4.343068644616632,6.72039284727924,cora,0,10000,110000,16,2.2295600729994476
160,0.000327275821516858,600.0,3.9999242259851684,0.6899478089895763,0.736899959360458,70.92250586236241,5.286584426156222,0.0745402938302232,0.8662525292038985,66.39554316136119,0.9361702939573711,4.4925083775044525,6.8415803092879965,cora,0,10000,110000,16,2.2295600729994476
170,0.000327275821516858,600.0,3.9999158149527725,0.6974367129783574,0.7446189866826656,76.32997339545538,5.994372193428951,0.07853235009493467,0.8714997014316666,71.16661779986875,0.9323548094424718,4.6532787785110115,6.973239096340917,cora,0,10000,110000,16,2.2295600729994476
180,0.000327275821516858,600.0,3.9999061418005386,0.7054171666497998,0.7526675443124508,82.30176535732343,6.856776283456391,0.08331262705832417,0.8773885598228635,76.35660893137467,0.9277639258388064,4.826522650533391,7.116555398187535,cora,0,10000,110000,16,2.2295600729994476
190,0.000327275821516858,600.0,3.9998949986262247,0.7135421937573191,0.7593114326840228,88.89316904617685,7.921543833504882,0.08911307717457931,0.8835924366233802,81.9777151526885,0.9222048896704761,5.0134702892119165,7.272833125709573,cora,0,10000,110000,16,2.2295600729994476
200,0.000327275821516858,600.0,3.9998821509041136,0.7209298963408464,0.7656598526650531,96.16036029561475,9.252738331175022,0.09622195988794542,0.8896686512466343,88.0299304314387,0.9154492574780128,5.215422331805862,7.443484810493596,cora,0,10000,110000,16,2.2295600729994476
210,0.000327275821516858,600.0,3.9998673396798443,0.7291850395408348,0.7723839798125762,104.15844017884173,10.935123881783982,0.10498548041818019,0.8951228569894731,94.49599875433827,0.9072332361360934,5.433719734598063,7.630010292076352,cora,0,10000,110000,16,2.2295600729994476
220,0.000327275821516858,600.0,3.9998502872847794,0.7373823533663924,0.7795631152078143,112.93872304295832,13.078544277270531,0.11580212636454076,0.899510502021074,101.33566090308861,0.8972623221934583,5.669697103905333,7.833958733785811,cora,0,10000,110000,16,2.2295600729994476
230,0.000327275821516858,600.0,3.9998307078774307,0.743468895025228,0.7847707695003123,122.54518062990664,15.821457285759372,0.12910713586967623,0.902545080724687,108.4797343608019,0.8852223629129636,5.92461591394106,8.056869396563249,cora,0,10000,110000,16,2.2295600729994476
240,0.000327275821516858,600.0,3.999808323977977,0.7494686926224174,0.7888671744924314,133.01002999934266,19.33240476946946,0.14534546582363,0.9041693486092531,115.82504508253908,0.8707993305701193,6.199575542301664,8.300187536722554,cora,0,10000,110000,16,2.2295600729994476
250,0.000327275821516858,600.0,3.9997828895141283,0.7552082580346687,0.7929395171268848,144.34860480562654,23.80783605824314,0.16493291424812676,0.9045576157300803,123.23180131354387,0.8537096806684233,6.495403081395794,8.565154428213443,cora,0,10000,110000,16,2.2295600729994476
260,0.000327275821516858,600.0,3.999754218517054,0.7605863898567278,0.7965584849408993,156.55388102160984,29.464452357099365,0.18820646390128298,0.9040509013359241,130.5254992876983,0.8337417024473591,6.812527936515272,8.852675417141658,cora,0,10000,110000,16,2.2295600729994476
270,0.000327275821516858,600.0,3.9997222164334465,0.76525611184201,0.799327394850624,169.59132527633463,36.5243349140995,0.21536676392254264,0.9030584057187268,137.50555326914272,0.8108053465888607,7.1508541560752805,9.163177182728516,cora,0,10000,110000,16,2.2295600729994476
280,0.000327275821516858,600.0,3.999686908406896,0.7694631988318468,0.802277047409156,183.39503711097828,45.1919520469303,0.24641862047544494,0.9019669922194251,143.9620918245997,0.784983574759897,7.50965105939848,9.496474011765322,cora,0,10000,110000,16,2.2295600729994476
290,0.000327275821516858,600.0,3.9996484568134916,0.7736992005088985,0.8050479331975512,197.86634811737048,55.624093583321795,0.28111952392393,0.9010851979257087,149.70036257596126,0.7565731313096349,7.8874884028624574,9.851670313123742,cora,0,10000,110000,16,2.2295600729994476
300,0.000327275821516858,600.0,3.9996071603373387,0.7773424510980353,0.8074222520656011,212.8759614392204,67.89683391420769,0.3189502161501376,0.900625858209385,154.5690019517579,0.7260989024159494,8.282242275615332,10.227128772064857,cora,0,10000,110000,16,2.2295600729994476
310,0.000327275821516858,600.0,3.9995634302991903,0.7811013604360335,0.8098083328070638,228.27022784610395,81.97692362001776,0.35912227535552843,0.9007161620666028,158.48503444341554,0.6942869244878642,8.691188676243566,10.620526386720282,cora,0,10000,110000,16,2.2295600729994476
320,0.000327275821516858,600.0,3.9995177467492473,0.7847301536815625,0.8126221172100119,243.88125425722168,97.70682303858743,0.4006327724374256,0.9014196392576753,161.44683358625997,0.6619895164881426,9.11118270553435,11.029002704116955,cora,0,10000,110000,16,2.2295600729994476
330,0.000327275821516858,600.0,3.9994706045889292,0.7877083664647457,0.8147217966459874,259.539446122966,114.81103652924917,0.44236449697458846,0.9027576356692594,163.52849015889913,0.6300718160638353,9.538897106669436,11.449379756318523,cora,0,10000,110000,16,2.2295600729994476
340,0.000327275821516858,600.0,3.9994224645701903,0.7907877806531828,0.8170979874841291,275.08621932739004,132.9258469149227,0.4832152160872982,0.9047235189993535,164.85552517256966,0.5992867457179639,9.971073946275785,11.878410820061053,cora,0,10000,110000,16,2.2295600729994476
350,0.000327275821516858,600.0,3.9993737221894476,0.7935346759386432,0.8192575213374552,290.38441810930436,151.64670709865973,0.5222274255830697,0.9072882625732654,165.57001864928512,0.5701752860133235,10.404737583157772,12.313005908103788,cora,0,10000,110000,16,2.2295600729994476
360,0.000327275821516858,600.0,3.9993246996671865,0.795790021541442,0.8217199811776681,305.32462005476407,170.58106942226837,0.5586875679782141,0.9104000035332622,165.79814844147427,0.5430225325810154,10.837329932067572,12.750391338433303,cora,0,10000,110000,16,2.2295600729994476
370,0.000327275821516858,600.0,3.999275656713642,0.7980742818314563,0.8236744133926357,319.8267555161255,189.39274415033162,0.5921729213826907,0.9139822168199849,165.63127355878694,0.5178781033859936,11.266755133561375,13.188184775333289,cora,0,10000,110000,16,2.2295600729994476
380,0.000327275821516858,600.0,3.999226809852928,0.7994332721305787,0.8254007256760578,333.8377696500296,207.82783283947927,0.6225414010444364,0.9179350515837478,165.12408809480243,0.4946237457430479,11.691347991584797,13.624394244479372,cora,0,10000,110000,16,2.2295600729994476
390,0.000327275821516858,600.0,3.999178350138725,0.8008356344605243,0.8272084540470199,347.3268806020889,225.71962328532075,0.6498766317597914,0.9221422936120239,164.3051389200852,0.4730562133148557,12.109797395275615,14.057367928556484,cora,0,10000,110000,16,2.2295600729994476
400,0.000327275821516858,600.0,3.9991304536054257,0.8028741199092078,0.8300693254185337,360.2801131170675,242.9768224212772,0.674410864144271,0.9264832609929554,163.19108760210113,0.4529561351310964,12.521057846143734,14.485725617932358,cora,0,10000,110000,16,2.2295600729994476
410,0.000327275821516858,600.0,3.999083284158985,0.8047246598909916,0.831767958262309,372.6953530669118,259.5632639211852,0.6964488872352119,0.9308462709904956,161.7975882120468,0.4341282682507675,12.924272632993144,14.908295089309114,cora,0,10000,110000,16,2.2295600729994476
420,0.000327275821516858,600.0,3.9990369919344717,0.8068498894013215,0.8339882554195978,384.57851535976585,275.4770618071756,0.716309026128181,0.9351395118286343,160.14399587497095,0.4164143067772762,13.31871868935429,15.324064441431153,cora,0,10000,110000,16,2.2295600729994476
430,0.000327275821516858,600.0,3.998991710666376,0.8076739579869595,0.8350481091794151,395.9408611894844,290.73433600660985,0.7342872749561301,0.9392964731806762,158.25301374899553,0.3996885122529973,13.703772333339845,15.732151062379042,cora,0,10000,110000,16,2.2295600729994476
440,0.000327275821516858,600.0,3.9989475562912657,0.8084980265725976,0.8361937862720449,406.7971964146906,305.35911878528805,0.7506421417762276,0.9432755236916587,156.1480884278346,0.38384750387673927,14.07888979731217,16.131782537562305,cora,0,10000,110000,16,2.2295600729994476
450,0.000327275821516858,600.0,3.998904627287309,0.8091341496913358,0.8371575633926931,417.16462177784086,319.37845292921753,0.7655933323590922,0.9470553080311706,153.8510206858937,0.36880169758936643,14.443596041706071,16.52228407529279,cora,0,10000,110000,16,2.2295600729994476
460,0.000327275821516858,600.0,3.9988630061367862,0.8095244979687433,0.8382521174151276,427.06158835436764,332.82061464608955,0.779326972319321,0.9506284663136843,151.38096698250473,0.3544710437804387,14.797477465548045,16.903068808299423,cora,0,10000,110000,16,2.2295600729994476
470,0.000327275821516858,600.0,3.9988227610109446,0.8096256993739971,0.8388355881160642,436.5071315088652,345.71456327703413,0.7920020964652049,0.9539957910270763,148.7548084164194,0.34078437138523193,15.140176560981159,17.273629514082035,cora,0,10000,110000,16,2.2295600729994476
480,0.000327275821516858,600.0,3.9987839470491893,0.8091630643785511,0.8384564963191817,445.5202472698585,358.0894769674505,0.8037557869969266,0.9571619531662702,145.98825465914575,0.3276804040978151,15.471388125002468,17.63353170780839,cora,0,10000,110000,16,2.2295600729994476
490,0.000327275821516858,600.0,3.998746607039319,0.8094522112507048,0.838919022564183,454.11941675448605,369.973995554301,0.8147064007930821,0.960132989371273,143.09700973373828,0.3151087675493556,15.79085716512479,17.98240849133349,cora,0,10000,110000,16,2.2295600729994476
500,0.000327275821516858,600.0,3.9987107716316395,0.8092642657838047,0.8393059934386374,462.32228756091064,381.39526598437857,0.8249553963675826,0.9629151764452446,140.0975861074223,0.30303013693443137,16.09837849183237,18.319957330506664,cora,0,10000,110000,16,2.2295600729994476
510,0.000327275821516858,600.0,3.998676459352619,0.8095823273431739,0.8397629028038477,470.1455060547103,392.3780449688932,0.8345885261386133,0.9655147473058814,137.00765100361784,0.29141542190488234,16.393797642216548,18.64593852316824,cora,0,10000,110000,16,2.2295600729994476
520,0.000327275821516858,600.0,3.9986436766641957,0.8096112420303894,0.8398266729276161,477.60467771065476,402.94406878140353,0.8436769729996603,0.9679379815358524,133.84598386119748,0.28024429011619695,16.677012527843306,18.960174809708274,cora,0,10000,110000,16,2.2295600729994476
530,0.000327275821516858,600.0,3.998612418224392,0.8097269007792509,0.8399890111262348,484.71442253310374,413.11177990109354,0.8522787041123785,0.9701913756485684,130.63219399729942,0.26950341876484574,16.947975145217622,19.262551470389262,cora,0,10000,110000,16,2.2295600729994476
540,0.000327275821516858,600.0,3.998582667409721,0.8101027917130507,0.840163783642401,491.4884906148791,422.89639105063225,0.8604400695559842,0.9722817580425763,127.38633259347785,0.2591847724330443,17.20669279420901,19.55301631935832,cora,0,10000,110000,16,2.2295600729994476
550,0.000327275821516858,600.0,3.9985543970924295,0.8098425595281123,0.8399324586385462,497.93990697659564,432.3102039335035,0.8681975432706643,0.9742163187272024,124.12848414883035,0.2492840650240646,17.453228434993253,19.83157916395058,cora,0,10000,110000,16,2.2295600729994476
560,0.000327275821516858,600.0,3.9985275706311665,0.8100594196822276,0.8403765857449675,504.08112188504816,441.36308205695275,0.8755794710312564,0.9760025735939599,120.87837541132951,0.23979944926184898,17.68770000324077,20.098310475100924,cora,0,10000,110000,16,2.2295600729994476
570,0.000327275821516858,600.0,3.9985021430230896,0.8101317064002661,0.8402390511665666,509.9241503861315,450.0629885959954,0.8826077138240909,0.9776482947267396,117.65501020740524,0.23073041376509223,17.910278653968216,20.353339165345,cora,0,10000,110000,16,2.2295600729994476
580,0.000327275821516858,600.0,3.9984780621669938,0.8095534126559586,0.8397079476946229,515.4806913506402,458.41652426352977,0.8892991181927816,0.9791614312860103,114.47632757962207,0.22207684885281764,18.12118600440324,20.596849479040756,cora,0,10000,110000,16,2.2295600729994476
590,0.000327275821516858,600.0,3.9984552701919727,0.808570313290636,0.8392418702505569,520.7622213714459,466.4294246885242,0.895666785236774,0.9805500337010054,111.35888222510803,0.2138382502706138,18.32069050197352,20.82907706796853,cora,0,10000,110000,16,2.2295600729994476
600,0.000327275821516858,600.0,3.9984337048101417,0.8078619034538594,0.8390521231574186,525.7800623883753,474.10699604705167,0.9017211377194547,0.9818221844312818,108.31755309839629,0.2060130477492049,18.509103068899325,21.050304365112225,cora,0,10000,110000,16,2.2295600729994476
0,0.000327275821516858,600.0,4.000005254258131,0.62458615853923,0.6300438725338957,694.6894392022441,1.3022892253167415,0.0018746351273343708,-0.022819678128419906,694.720376992857,1.0000445347069742,2.9485817582438476,5.643757174767731,cora,1,10001,110001,16,1.9533249780070037
1,0.000327275821516858,600.0,3.9999905526711697,0.6274342552299441,0.6335803185385233,459.80488645302904,1.3081233554583291,0.0028449531399052656,0.014756505381148782,459.78744356766725,0.9999620645933184,2.952803951560597,5.647079947266453,cora,1,10001,110001,16,1.9533249780070037
10,0.000327275821516858,600.0,3.999978040123451,0.6320461478407958,0.6407535501337492,31.093584449543144,1.3870163038007475,0.04460779702164981,0.8039730525823466,29.98980527276357,0.9645013852111286,3.005931726638614,5.685714021519752,cora,1,10001,110001,16,1.9533249780070037
20,0.000327275821516858,600.0,3.9999765892615398,0.6395350518295768,0.6509738035139914,30.36217164384899,1.4853075780091907,0.04891967529305817,0.8610262070844705,29.093090692380223,0.9582019044502087,3.069322938486154,5.731767412374482,cora,1,10001,110001,16,1.9533249780070037
30,0.000327275821516858,600.0,3.9999750132994705,0.64757333487545,0.6615084555347045,31.76973197148205,1.593420740578852,0.050155309525720226,0.8612404067338769,30.408197716368885,0.9571436656646856,3.13586486971471,5.780445514091924,cora,1,10001,110001,16,1.9533249780070037
40,0.000327275821516858,600.0,3.9999732896076643,0.6548164640229005,0.6738582177476896,33.28461703930757,1.71262836157197,0.0514540503665533,0.8613688643885218,31.821306969484592,0.9560364456621244,3.2057816846547733,5.831952297432991,cora,1,10001,110001,16,1.9533249780070037
50,0.000327275821516858,600.0,3.9999713997352946,0.6626089722274429,0.686247337412071,34.917264266024326,1.8444145224120851,0.0528224235541489,0.8614420816163475,33.34156833664685,0.9548734426221736,3.2793199556172747,5.886513634319232,cora,1,10001,110001,16,1.9533249780070037
60,0.000327275821516858,600.0,3.999969322390952,0.6688545446659631,0.6964442491134814,36.6799657568963,1.9905177834129641,0.054267165803957206,0.8614817408019196,34.979777377447974,0.9536480379857315,3.3567512653717464,5.944379655026133,cora,1,10001,110001,16,1.9533249780070037
70,0.000327275821516858,600.0,3.9999670329359027,0.6760398444389828,0.7076579800842991,38.5865146066796,2.1529869836184767,0.055796358016895864,0.8615153435094266,36.747945666934925,0.9523520339039275,3.438375309216933,6.005827920272077,cora,1,10001,110001,16,1.9533249780070037
80,0.000327275821516858,600.0,3.9999645027838047,0.683297430930041,0.7182772690229384,40.65238310730785,2.3342526174080973,0.05741982238154402,0.8615774082779377,38.659407332721756,0.9509751797496018,3.5245233728502146,6.071167038273245,cora,1,10001,110001,16,1.9533249780070037
90,0.000327275821516858,600.0,3.999961698688445,0.6913501713195218,0.728785595662836,42.8949150453567,2.537219165336995,0.059149648918855824,0.8617106593204774,40.72891756218399,0.9495045629328697,3.6155622220804733,6.140740775469729,cora,1,10001,110001,16,1.9533249780070037
100,0.000327275821516858,600.0,3.9999585819010224,0.6985788431233646,0.73892855265528,45.33353001170815,2.7653859081165737,0.06100089508587498,0.8619670168553404,42.97273345814739,0.9479238313682821,3.711898420086973,6.214932705435887,cora,1,10001,110001,16,1.9533249780070037
110,0.000327275821516858,600.0,3.999955107177379,0.7052870505573305,0.7483172592069551,47.9899362980526,3.0230068214235652,0.06299251581932683,0.8624081070996507,45.408663632579774,0.9462122089631202,3.8139830688674707,6.294171429645939,cora,1,10001,110001,16,1.9533249780070037
120,0.000327275821516858,600.0,3.9999512216157918,0.7123277768942735,0.756981672702356,50.88834686645388,3.315304498765584,0.06514859890155061,0.8631048706612576,48.05606740751085,0.944343260621616,3.922316940969899,6.3789363828396075,cora,1,10001,110001,16,1.9533249780070037
130,0.000327275821516858,600.0,3.9999468633084394,0.7198455955702701,0.7659717695060005,54.0556900072709,3.6487591390459198,0.0675000011757344,0.8641356825075622,50.935777220229916,0.9422833602416077,4.037455920486156,6.469764199723897,cora,1,10001,110001,16,1.9533249780070037
140,0.000327275821516858,600.0,3.999941959796045,0.7269875233124665,0.7738756829626784,57.52180240221757,4.0315019789525195,0.07008650304040365,0.8655822334946566,54.069908457445095,0.9399898160242733,4.160016602072167,6.567255561770352,cora,1,10001,110001,16,1.9533249780070037
150,0.000327275821516858,600.0,3.9999364263277966,0.7338403041825096,0.7817519613248473,61.31958708612575,4.473853584669973,0.07295961693914003,0.867522329326132,57.48150922109678,0.9374086152987586,4.2906817950962095,6.6720823537234235,cora,1,10001,110001,16,1.9533249780070037
160,0.000327275821516858,600.0,3.9999301639506752,0.7408376584886293,0.7889681509799691,65.48511191800135,4.98906118846049,0.07618619014819208,0.8700188639433261,61.193988493138086,0.93447177077079,4.43020553675536,6.784994827333764,cora,1,10001,110001,16,1.9533249780070037
170,0.000327275821516858,600.0,3.9999230574882945,0.7465627665572727,0.7952166597886817,70.05761529793956,5.594304797331416,0.07985291496920176,0.8731047195522413,65.23024547332282,0.9310942885496887,4.579417021741598,6.906828280542566,cora,1,10001,110001,16,1.9533249780070037
180,0.000327275821516858,600.0,3.999914973524797,0.7514204340094551,0.7998994876769201,75.07937476568405,6.31205608166573,0.08407177205943826,0.8767644806372457,69.61140733981799,0.9271708449500132,4.7392225957710865,7.038508498323775,cora,1,10001,110001,16,1.9533249780070037
190,0.000327275821516858,600.0,3.9999057585906774,0.7566973644262602,0.8041826208853643,80.59538082335699,7.17188048813581,0.08898624728698297,0.8809157965252807,74.35507116972852,0.9225723659361381,4.9106046288930365,7.181054852739952,cora,1,10001,110001,16,1.9533249780070037
200,0.000327275821516858,600.0,3.9998952378603323,0.760803250010843,0.8078871754094298,86.65274344282798,8.212759947877025,0.09477784108815511,0.8853958087076577,79.47294527853099,0.9171428638144146,5.094615685303245,7.335579518364843,cora,1,10001,110001,16,1.9533249780070037
210,0.000327275821516858,600.0,3.9998832148178307,0.7637091760759878,0.8105463195945157,93.29974388925584,9.485963739025639,0.10167191616608519,0.8899603474798627,84.96780736414824,0.9106971125773146,5.292365964185463,7.503280737779597,cora,1,10001,110001,16,1.9533249780070037
220,0.000327275821516858,600.0,3.999869472520884,0.7672367679162629,0.8128166916857079,100.58443305745381,11.058388089050483,0.10994134731299757,0.8943036973604441,90.82975878618744,0.9030200402313299,5.505001563666512,7.685427519589751,cora,1,10001,110001,16,1.9533249780070037
230,0.000327275821516858,600.0,3.9998537772680853,0.7703595541355232,0.8145143946252986,108.55267531540234,13.016104055077534,0.11990587995421521,0.8981023744622296,97.0318786112372,0.8938690670617634,5.733670839728621,7.88333267892749,cora,1,10001,110001,16,1.9533249780070037
240,0.000327275821516858,600.0,3.9998358855958656,0.7725426130202837,0.8156143745250763,117.24555292218037,15.467594805344634,0.1319247887858994,0.9010769117516397,103.52559164831105,0.882980966596015,5.979476198289701,8.098310938277205,cora,1,10001,110001,16,1.9533249780070037
250,0.000327275821516858,600.0,3.999815555502247,0.7749569894027671,0.8169719534224593,126.69609274766373,18.545847236965535,0.14638057760709847,0.9030545094002456,110.23637603834518,0.8700850487780961,6.243409368682918,8.331619206057074,cora,1,10001,110001,16,1.9533249780070037
260,0.000327275821516858,600.0,3.99979256247376,0.7777617140626581,0.8179160141131416,136.92536826803237,22.408136781448786,0.16365219290544247,0.9040098674281015,117.06083159273065,0.8549243509324236,6.526269924711892,8.584377551679706,cora,1,10001,110001,16,1.9533249780070037
270,0.000327275821516858,600.0,3.999766720122387,0.7802339198195725,0.8188663744819924,147.93817669094346,27.23209184790035,0.18407751438488193,0.9040677016620711,123.86653017798488,0.8372857699656089,6.828569878805441,8.857472221537497,cora,1,10001,110001,16,1.9533249780070037
280,0.000327275821516858,600.0,3.999737903923148,0.7820266304269253,0.8189980015987118,159.71869272408668,33.20658479899019,0.20790669039818913,0.9034666668038401,130.49629691146373,0.8170383483973006,7.150431671356797,9.15144652105966,cora,1,10001,110001,16,1.9533249780070037
290,0.000327275821516858,600.0,3.9997060747800055,0.7839639144703553,0.819621881962353,172.22673137369208,40.51638428811372,0.2352502655363212,0.9025007747364415,136.7783447100242,0.7941760469996199,7.49149235432448,9.46639122495696,cora,1,10001,110001,16,1.9533249780070037
300,0.000327275821516858,600.0,3.999671297396371,0.7856409663288467,0.819968964181769,185.39544986084815,49.32057173436945,0.26602903022370766,0.9014608652928269,142.54269053803614,0.7688575455601747,7.850831893686503,9.801852161879019,cora,1,10001,110001,16,1.9533249780070037
310,0.000327275821516858,600.0,3.999633747560931,0.7873035608437307,0.8208289278627651,199.13138332380652,59.7266007842429,0.2999356494557253,0.9005932988893709,147.6423678750191,0.7414319401123157,8.226946006186793,10.156776462798685,cora,1,10001,110001,16,1.9533249780070037
320,0.000327275821516858,600.0,3.999593703532272,0.7886336364556377,0.8213999137266419,213.31752790890224,71.76429661105387,0.33642006502954125,0.9000817695296968,151.97542633183505,0.7124375939549445,8.617781097467624,10.529517735245653,cora,1,10001,110001,16,1.9533249780070037
330,0.000327275821516858,600.0,3.999551520308368,0.7901950295652677,0.8226031050526106,227.81969106116574,85.3661906429331,0.37470944783264465,0.9000483638254865,155.5015705654648,0.6825642236680728,9.020838897033888,10.917911876654905,cora,1,10001,110001,16,1.9533249780070037
340,0.000327275821516858,600.0,3.999507591032953,0.79174196533129,0.823980018292996,242.49557455083084,100.36106547607224,0.41386761660277227,0.9005653601819589,158.24703171399042,0.6525769882898188,9.43334220014443,11.319419686815445,cora,1,10001,110001,16,1.9533249780070037
350,0.000327275821516858,600.0,3.9994623049215634,0.7933756451589585,0.8253642431546175,257.20525249859793,116.4853802239913,0.4528888080332896,0.9016693711068684,160.29404819644785,0.6232145208516752,9.852435351560047,11.731314050815572,cora,1,10001,110001,16,1.9533249780070037
360,0.000327275821516858,600.0,3.9994160130638505,0.7946768060836501,0.826612965859034,271.82117309414247,133.41245074237673,0.49080963496603963,0.9033721486845567,161.75680133618795,0.5950853625378372,10.275380939677893,12.15087541344283,cora,1,10001,110001,16,1.9533249780070037
370,0.000327275821516858,600.0,3.9993690106927557,0.7958767656030881,0.8278081381394276,286.2358221689924,150.79355150027405,0.5268157925084799,0.9056657639311574,162.7513891411064,0.5685919669586942,10.699713853004567,12.575556320859507,cora,1,10001,110001,16,1.9533249780070037
380,0.000327275821516858,600.0,3.999321538078996,0.7965851754398646,0.8289106693804352,300.36579527664634,168.30107032061707,0.5603203592659627,0.9085227967419993,163.37007579589073,0.5439037279375362,11.123326669759964,13.003086142729265,cora,1,10001,110001,16,1.9533249780070037
390,0.000327275821516858,600.0,3.999273795387265,0.7975104454307567,0.8297505053865231,314.1520087856145,185.66343635491342,0.5909987240655048,0.9118940926696256,163.66777008296538,0.520982726533054,11.544481231088712,13.43150646872597,cora,1,10001,110001,16,1.9533249780070037
400,0.000327275821516858,600.0,3.9992259629327775,0.7983200566727868,0.8309611761872217,327.55674777978567,202.68483520011935,0.6187777738481611,0.9157073117938599,163.6627938947131,0.4996471451253465,11.961761409644888,13.859147700353724,cora,1,10001,110001,16,1.9533249780070037
410,0.000327275821516858,600.0,3.999178218578869,0.7993031560381095,0.8319770206579883,340.558851945081,219.2479790164598,0.6437888129004382,0.9198688862151049,163.3481006890737,0.47964720269674693,12.373993973183145,14.284570281783282,cora,1,10001,110001,16,1.9533249780070037
420,0.000327275821516858,600.0,3.9991307473822193,0.8006766036808397,0.8332686677897692,353.14844190187875,235.30305014093938,0.6663006889502789,0.9242703998454881,162.70626054127544,0.4607305065966648,12.780165385438599,14.706496577925861,cora,1,10001,110001,16,1.9533249780070037
430,0.000327275821516858,600.0,3.999083742727108,0.8018042764822391,0.8347349015558952,365.32227857462203,250.84872163442466,0.6866504901183721,0.9287984528264858,161.72230529305418,0.4426839390251427,13.179354829090911,15.123753425692186,cora,1,10001,110001,16,1.9533249780070037
440,0.000327275821516858,600.0,3.9990374011951797,0.8023970275701542,0.8357731989074461,377.08034553309477,265.91148498971864,0.7051852162005106,0.9333456004401711,160.39135926806566,0.4253506213412249,13.570692735545961,15.535235491078312,cora,1,10001,110001,16,1.9533249780070037
450,0.000327275821516858,600.0,3.9989919145607984,0.8033078402174384,0.8371212469349455,388.42376434406304,280.5280105976217,0.7222215434510129,0.9378195806712689,158.72087606059523,0.4086281289421864,13.95334434474628,15.939890314712505,cora,1,10001,110001,16,1.9533249780070037
460,0.000327275821516858,600.0,3.9989474618849177,0.8044065983316225,0.8385715638144299,399.3538265968666,294.73297293253484,0.7380246621001011,0.9421488284771834,156.72908437077723,0.3924566986282809,14.326511862583907,16.336719989374732,cora,1,10001,110001,16,1.9533249780070037
470,0.000327275821516858,600.0,3.9989042034783076,0.8055053564458067,0.8399346184965228,409.87178479265935,308.5526280108568,0.7528028018980214,0.9462837100663157,154.44173453143134,0.37680499185753497,14.689446935147686,16.72479228681382,cora,1,10001,110001,16,1.9533249780070037
480,0.000327275821516858,600.0,3.9988622772588824,0.80635833971866,0.8409141273560254,419.97904957305684,322.00299836733404,0.7667120507431895,0.9501942609145736,151.88882898629336,0.36165810923354585,15.041466267355165,17.103254781289614,cora,1,10001,110001,16,1.9533249780070037
490,0.000327275821516858,600.0,3.9988217971784614,0.8074281831456288,0.8422597273462296,429.67752724885145,335.0909438726063,0.7798661149865898,0.953865947890674,149.10224717469532,0.3470096472798343,15.381965683310431,17.47134764051794,cora,1,10001,110001,16,1.9533249780070037
500,0.000327275821516858,600.0,3.9987828530502187,0.8084257398545591,0.8435266711186117,438.96993914842267,347.81650424800074,0.7923469769313713,0.9572949947757462,146.11445383705416,0.33285753944907503,15.71043044039906,17.82841301606611,cora,1,10001,110001,16,1.9533249780070037
510,0.000327275821516858,600.0,3.9987455111511614,0.8084257398545591,0.8437264976048982,447.86005447301034,360.1753771969272,0.8042141146540512,0.9604843492225331,142.95802455762373,0.31920244533940434,16.02644143535374,18.173900640242465,cora,1,10001,110001,16,1.9533249780070037
520,0.000327275821516858,600.0,3.998709815202535,0.8087727161011437,0.8441013962786115,456.35282605839205,372.16094616697524,0.8155114308843041,0.9634407711340589,139.6655654615471,0.30604733330538497,16.32967789817566,18.50737012567906,cora,1,10001,110001,16,1.9533249780070037
530,0.000327275821516858,600.0,3.998675787570986,0.8093510098454512,0.8448290319036131,464.4544454385964,383.7657032824029,0.8262719994422768,0.9661730422556459,136.26966328791272,0.29339726344793565,16.619917430709762,18.828490711221804,cora,1,10001,110001,16,1.9533249780070037
540,0.000327275821516858,600.0,3.9986434306890857,0.810088334369443,0.8456292760190998,472.1723396071837,394.9821593553064,0.8365211729342417,0.9686910338902829,132.80265956624365,0.2812588718702301,16.89703411070574,19.137039078471286,cora,1,10001,110001,16,1.9533249780070037
550,0.000327275821516858,600.0,3.998612728746334,0.8109846896731195,0.8462069368864884,479.5151275412964,405.80341644629544,0.8462786534536331,0.9710053021908458,129.29620150444003,0.26963946302883823,17.160995118427444,19.43289562866054,cora,1,10001,110001,16,1.9533249780070037
560,0.000327275821516858,600.0,3.998583649679045,0.8115485260738192,0.8467418964244559,486.49254772658054,416.2235603864086,0.8555599922988654,0.973126933029711,125.78063041164368,0.2585458523453789,17.41185611908066,19.71603941639939,cora,1,10001,110001,16,1.9533249780070037
570,0.000327275821516858,600.0,3.9985561474317173,0.8120111610692652,0.8468869875682573,493.11536269038544,426.2379718245071,0.8643777989373473,0.9750674557709166,122.28431501450191,0.24798317851492516,17.64975551519339,19.98654184408469,cora,1,10001,110001,16,1.9533249780070037
580,0.000327275821516858,600.0,3.998530164408587,0.8124015093466727,0.8469547685283443,499.39524404268326,435.84359594297183,0.8727427846824275,0.9768387374215389,118.83303538828154,0.23795387882813898,17.87490766286906,20.244559220308222,cora,1,10001,110001,16,1.9533249780070037
590,0.000327275821516858,600.0,3.99850563400109,0.812849686998511,0.8474190905294524,505.3446412026459,445.039171894107,0.8806646704217131,0.9784528334839275,115.44949485183626,0.2284569488598582,18.087595186796886,20.490324339210435,cora,1,10001,110001,16,1.9533249780070037
600,0.000327275821516858,600.0,3.9984824830695356,0.813211120588703,0.8477317223107872,510.97663777368217,453.8254058899856,0.8881529454405124,0.9799218068193517,112.15300082638785,0.21948753139681074,18.288160589790323,20.724137304878585,cora,1,10001,110001,16,1.9533249780070037
0,0.000327275821516858,600.0,3.9999927510106184,0.5897728751319233,0.5862740838412082,502.71561434251447,1.3093965608899336,0.0026046466899629747,0.007444447633996687,502.7075718017608,0.9999840018083302,2.9495846230977305,5.626948657272342,cora,2,10002,110002,16,3.336543492972851
1,0.000327275821516858,600.0,3.999985050936727,0.5895560149778081,0.5861288462599133,334.18891149152785,1.3165875435305714,0.00393965059359532,0.04661481506829708,334.1301272840093,0.9998240988689415,2.954558225524379,5.630759215395028,cora,2,10002,110002,16,3.336543492972851
10,0.000327275821516858,600.0,3.999977882490745,0.5972617791207043,0.5938395094505009,30.460312953513597,1.3970803089151922,0.045865592748417214,0.8218311172775763,29.32295388861674,0.9626609527409448,3.008914133721231,5.670116557753662,cora,2,10002,110002,16,3.336543492972851
20,0.000327275821516858,600.0,3.999976406866985,0.6053868062282236,0.6033010600878371,30.644688743394692,1.4960059685810938,0.048817789637480014,0.8551445136975395,29.375625984097802,0.9585878398073,3.072940876302952,5.716643629960963,cora,2,10002,110002,16,3.336543492972851
30,0.000327275821516858,600.0,3.999974799696012,0.6126588500628894,0.6116899097363372,32.073877164993434,1.6048634844996679,0.0500364666312083,0.8558722170151633,30.711537207762724,0.9575249368754952,3.1401924995044777,5.765854108968177,cora,2,10002,110002,16,3.336543492972851
40,0.000327275821516858,600.0,3.9999730411963688,0.619294770778817,0.6207877796311279,33.607807403096444,1.7249312165926636,0.051325312475866476,0.8565653583642963,32.14261871608877,0.9564033241016289,3.2108958706635993,5.817957511513455,cora,2,10002,110002,16,3.336543492972851
50,0.000327275821516858,600.0,3.9999711129747646,0.6259451488383524,0.6287575456575731,35.25602638513817,1.8576927939376833,0.05269149658682963,0.8572457723180767,33.67711425790962,0.9552158229636984,3.285300038973549,5.873184640442875,cora,2,10002,110002,16,3.336543492972851
60,0.000327275821516858,600.0,3.999968993967936,0.6333762234527028,0.6386368138616926,37.02947470412475,2.004874203893969,0.05414265851496521,0.8579263368307058,35.32446147067158,0.9539552411402895,3.363677296885493,5.931789797990109,cora,2,10002,110002,16,3.336543492972851
70,0.000327275821516858,600.0,3.9999666600023445,0.6410530729083838,0.6498559611187175,38.94030916920045,2.168491594435932,0.05568758031718671,0.858622279400147,37.09505259809251,0.952613201834375,3.4463256541248257,5.994053532796941,cora,2,10002,110002,16,3.336543492972851
80,0.000327275821516858,600.0,3.9999640832781505,0.6488166664257109,0.6595473089202573,41.00203926725135,2.3509103954035004,0.057336426124570614,0.8593517352689573,39.000314511411915,0.9511798732060084,3.5335715845926408,6.0602857159696955,cora,2,10002,110002,16,3.336543492972851
90,0.000327275821516858,600.0,3.9999612317636353,0.6559152221370846,0.6690274819366498,43.22967536830115,2.5549188974026635,0.05910104287473087,0.8601362907909075,41.05278596950749,0.9496436329848107,3.6257730469058522,6.130828974545775,cora,2,10002,110002,16,3.336543492972851
100,0.000327275821516858,600.0,3.9999580684857268,0.6633173820642196,0.6783679514252424,45.63988814973349,2.7838204665826956,0.0609953393717717,0.8610015106782505,43.26618723903035,0.9479906501322791,3.7233227846095547,6.20606250693682,cora,2,10002,110002,16,3.336543492972851
110,0.000327275821516858,600.0,3.9999545507010064,0.6724399658806691,0.6891276271809645,48.25117803128596,3.0415499524588,0.06303576568610751,0.8619773872053821,45.655475223633005,0.9462043640474455,3.8266519013384235,6.286406297220885,cora,2,10002,110002,16,3.336543492972851
120,0.000327275821516858,600.0,3.9999506289308666,0.6812444881377495,0.7007790455665611,51.08405241941716,3.3328217125690216,0.06524192100511995,0.8630986173287533,48.23687449168509,0.944264838185589,3.9362336894103214,6.372325731865056,cora,2,10002,110002,16,3.336543492972851
130,0.000327275821516858,600.0,3.9999462458447175,0.6904249013286299,0.7111562670539443,54.16120718304828,3.66331919948087,0.06763732549571826,0.8644045737527475,51.0278709229813,0.942147961187843,4.052587665433445,6.464336601136332,cora,2,10002,110002,16,3.336543492972851
140,0.000327275821516858,600.0,3.9999413349771804,0.6993595396781795,0.7204411216706412,57.50770689587921,4.039939441573557,0.07025040050524156,0.8659387891301503,54.04714987474432,0.9398244651382046,4.176283730503406,6.563010434812423,cora,2,10002,110002,16,3.336543492972851
150,0.000327275821516858,600.0,3.9999358192700454,0.7088435570848212,0.7308817949914945,61.151155822761304,4.471110243314558,0.0731157111122068,0.8677477239352023,57.31445452857232,0.9372587281046794,4.307946321566588,6.668980073474093,cora,2,10002,110002,16,3.336543492972851
160,0.000327275821516858,600.0,3.9999296094390413,0.7175324205930401,0.7395258116375952,65.12184819957122,4.967203783170542,0.07627553456327192,0.8698785494807205,60.85033216428556,0.9344073279032983,4.448258349604056,6.782945307002729,cora,2,10002,110002,16,3.336543492972851
170,0.000327275821516858,600.0,3.9999226021814644,0.7259321372291057,0.749962691956521,69.45288182035584,5.541077678201762,0.07978182521690173,0.8723756690588196,64.67572633564428,0.9312173179931114,4.597964623428374,6.905678313847729,cora,2,10002,110002,16,3.336543492972851
180,0.000327275821516858,600.0,3.9999146782664696,0.7347077447989705,0.7607133498123869,74.18021303823743,6.208783467420257,0.0836986470262607,0.8752757559144032,68.8113613351419,0.9276242075453724,4.757874328123179,7.038028499708997,cora,2,10002,110002,16,3.336543492972851
190,0.000327275821516858,600.0,3.9999057005894754,0.74264482643959,0.7693816990700113,79.34262374826801,6.990492274171192,0.08810513118837704,0.8786012533072961,73.27685242530208,0.92354965040971,4.928861957149581,7.180926153102138,cora,2,10002,110002,16,3.336543492972851
200,0.000327275821516858,600.0,3.99989551233059,0.7506831094854632,0.778538272670905,84.98156156250425,7.911696557056412,0.09309897831469394,0.8823526113850669,78.08946242625836,0.9188988880702466,5.111865880484781,7.335384098720796,cora,2,10002,110002,16,3.336543492972851
210,0.000327275821516858,600.0,3.9998839354396916,0.757998525350952,0.7869590910536359,91.14080321578498,9.004751996050377,0.09880044588515118,0.8865000629920918,83.26241517883524,0.9135580578734107,5.307883464964006,7.502496231306737,cora,2,10002,110002,16,3.336543492972851
220,0.000327275821516858,600.0,3.9998707697825973,0.7650970810623257,0.7943144475940296,97.86587866554633,10.310818577787874,0.10535662396722338,0.8909764393396064,88.80267423766081,0.9073915796652811,5.517961352509519,7.683431454172138,cora,2,10002,110002,16,3.336543492972851
230,0.000327275821516858,600.0,3.999855793425046,0.7723257528661683,0.8015956685144529,105.20318051623158,11.882234971738345,0.11294558694359112,0.8956732456959181,94.70810930675881,0.9002399817384465,5.743179167992756,7.879421144339541,cora,2,10002,110002,16,3.336543492972851
240,0.000327275821516858,600.0,3.999838764697894,0.7783833798377886,0.8081509862837006,113.19867266302661,13.785301216231565,0.12177970723444863,0.9004426306495555,100.96401612357506,0.8919187279176668,5.984624618622363,8.09173786471908,cora,2,10002,110002,16,3.336543492972851
250,0.000327275821516858,600.0,3.9998194268564187,0.7834579074440862,0.8138370417127392,121.8961075725832,16.103334265162136,0.1321070425121933,0.9051075193252733,107.53904496954267,0.8822188592487122,6.243357749823218,8.32166273093913,cora,2,10002,110002,16,3.336543492972851
260,0.000327275821516858,600.0,3.999797516272646,0.7878095678699996,0.8182049002033056,131.3346699715212,18.939682604314573,0.14420931356831734,0.9094806249523141,114.38074866084273,0.8709105424001538,6.520362184525859,8.570438767004958,cora,2,10002,110002,16,3.336543492972851
270,0.000327275821516858,600.0,3.9997727750998506,0.7921033989214822,0.8224528027532347,141.54599516649074,22.420132670179555,0.15839468042743496,0.9133903188180472,121.4111992195546,0.8577508609604039,6.816481706817554,8.83920797715493,cora,2,10002,110002,16,3.336543492972851
280,0.000327275821516858,600.0,3.9997449691005635,0.7959779670083419,0.8264501417679703,152.55057409183559,26.69382682630395,0.1749834570287113,0.9167082246834819,128.52344327695613,0.8424972769986752,7.132341827659713,9.12893101996356,cora,2,10002,110002,16,3.336543492972851
290,0.000327275821516858,600.0,3.9997139106847888,0.7991874972892481,0.8296128403587427,164.35366529060153,31.931496993842956,0.194285274608165,0.9193714200495455,135.5799309494972,0.8249279424938402,7.468258265226574,9.440290616359011,cora,2,10002,110002,16,3.336543492972851
300,0.000327275821516858,600.0,3.9996794860399882,0.802599430380662,0.8328425221683677,176.9409911676603,38.31961652181927,0.21656720847409264,0.921392720619327,142.41435706977379,0.8048692173021071,7.824137742622798,9.773583376337795,cora,2,10002,110002,16,3.336543492972851
310,0.000327275821516858,600.0,3.9996416835532727,0.8052162095736529,0.8355273981292117,190.27469185303465,46.04916999558411,0.2420141614584866,0.9228559608074263,148.8384090435911,0.7822291424786628,8.199380983921655,10.12860949267932,cora,2,10002,110002,16,3.336543492972851
320,0.000327275821516858,600.0,3.9996006188049726,0.8076161286125288,0.83795795319077,204.2902093003918,55.29836085073328,0.27068532084874236,0.923898038853208,154.65447126174428,0.7570332018914215,8.59280253001722,10.50457503048528,cora,2,10002,110002,16,3.336543492972851
330,0.000327275821516858,600.0,3.9995565499092365,0.8097269007792509,0.8399549768743548,218.8949095793479,66.20988902682429,0.30247340677798473,0.9246834340125196,159.67417649220152,0.7294558690243125,9.002585505305348,10.900025839368865,cora,2,10002,110002,16,3.336543492972851
340,0.000327275821516858,600.0,3.9995098768645283,0.81160635544825,0.8417364505659932,233.96923173522694,78.86537608864487,0.33707584327965595,0.9253782163309419,163.74082876608412,0.6998391521470766,9.42628965218703,11.312833229505628,cora,2,10002,110002,16,3.336543492972851
350,0.000327275821516858,600.0,3.9994611207531308,0.8133123219939569,0.8431561244967523,249.37089395000913,93.26161994717415,0.37398759121371283,0.9261291713745441,166.75159305013656,0.6686890775776138,9.86092582119976,11.740247260499054,cora,2,10002,110002,16,3.336543492972851
360,0.000327275821516858,600.0,3.9994108832366013,0.8142954213592795,0.8443317634075758,264.9421700307137,109.2947113038163,0.41252289618955784,0.9270508144659867,168.67388104752717,0.6366441439955499,10.303098997978989,12.179022815822153,cora,2,10002,110002,16,3.336543492972851
370,0.000327275821516858,600.0,3.999359792638245,0.8151773193193483,0.8454883470007267,280.51956136399355,126.757604743309,0.4518672570531801,0.9282203123649473,169.5506467145788,0.6044164830793212,10.749206739243983,12.625608168025337,cora,2,10002,110002,16,3.336543492972851
380,0.000327275821516858,600.0,3.9993084475957437,0.8159869305613787,0.8465569579300871,295.9445385577083,145.3540079334848,0.49115286479645986,0.9296786030249864,169.49188852831423,0.57271504098145,11.195665176110932,13.07636998722956,cora,2,10002,110002,16,3.336543492972851
390,0.000327275821516858,600.0,3.9992573703997274,0.8164495655568245,0.8477267822402043,311.07366591958896,164.7270605389837,0.5295435730698106,0.9314354367045325,168.65388811256872,0.5421670381965568,11.639126251471609,13.527818643870171,cora,2,10002,110002,16,3.336543492972851
400,0.000327275821516858,600.0,3.999206978875141,0.8167820844598013,0.8482923527237909,325.78652143472306,184.49693544800436,0.5663123650281876,0.9334762814078992,167.21177640121041,0.5132556609918381,12.076651527211514,13.976797616832046,cora,2,10002,110002,16,3.336543492972851
410,0.000327275821516858,600.0,3.9991575794907086,0.817172432737209,0.8491504557260456,339.9903681200249,204.29912969195473,0.6008968160528363,0.9357695747885362,165.33290350910593,0.48628702166862375,12.505819447036073,14.420611099449177,cora,2,10002,110002,16,3.336543492972851
420,0.000327275821516858,600.0,3.999109378205146,0.8172736341424627,0.849555923206426,353.62131327296527,223.81577893547,0.6329250261075283,0.9382733507705774,163.157332560812,0.46138998537927084,12.924759814659291,14.857080297287741,cora,2,10002,110002,16,3.336543492972851
430,0.000327275821516858,600.0,3.999062501872992,0.8174326649221472,0.8501198630381951,366.64242495678354,242.79528127201056,0.6622127302933616,0.9409407074917967,160.7884302626051,0.4385428944333361,13.33212511278017,15.284535126904322,cora,2,10002,110002,16,3.336543492972851
440,0.000327275821516858,600.0,3.9990170226097184,0.8175049516401858,0.8504272868355771,379.039740753838,261.05928864967836,0.6887385690230821,0.9437239150438607,158.29286768687697,0.4176154916422815,13.727018304901502,15.701758947467356,cora,2,10002,110002,16,3.336543492972851
450,0.000327275821516858,600.0,3.998972979462693,0.8172302621116396,0.8506530203774221,390.8172325726468,278.4991655490295,0.7126071788486473,0.9465772093601568,155.70698161234563,0.3984138073630163,14.108899433541408,16.107907706011932,cora,2,10002,110002,16,3.336543492972851
460,0.000327275821516858,600.0,3.998930394504147,0.8177796411687317,0.851468045094612,401.9916498423363,295.0655423743377,0.7340091330008082,0.9494584847934486,153.04588632603333,0.3807190681350195,14.477490172577834,16.502422646642795,cora,2,10002,110002,16,3.336543492972851
470,0.000327275821516858,600.0,3.9988892828303313,0.8172302621116396,0.8512916549345352,412.58788216802,310.75468145627883,0.7531842181679219,0.9523301754084518,150.3124809428804,0.3643162764573585,14.832689391275368,16.884950240909866,cora,2,10002,110002,16,3.336543492972851
480,0.000327275821516858,600.0,3.9988496573981362,0.8168399138342322,0.8509763913607928,422.635182786813,325.59458012767493,0.7703915655595394,0.9551596107613364,147.50473367583126,0.3490119603938323,15.174506381981216,17.255276866311785,cora,2,10002,110002,16,3.336543492972851
490,0.000327275821516858,600.0,3.9988115302015856,0.8161459613410632,0.8505709065292368,432.16435076329776,339.63265382880655,0.7858877143127151,0.9579190727334597,144.62071085850894,0.3346428519684162,15.503013284983407,17.613280663558136,cora,2,10002,110002,16,3.336543492972851
500,0.000327275821516858,600.0,3.9987749112795847,0.8152496060373867,0.8499540134340211,441.2058090816342,352.9258707932359,0.7999121125078744,0.960585700348708,141.6615007759912,0.3210780498807536,15.818314941215046,17.95889957502942,cora,2,10002,110002,16,3.336543492972851
510,0.000327275821516858,600.0,3.9987398067550077,0.813717127614972,0.8492930383801238,449.7884315993043,365.53351569672117,0.8126787841052303,0.9631413170984464,138.63248337444557,0.3082170941602759,16.12053275248628,18.292112733108205,cora,2,10002,110002,16,3.336543492972851
520,0.000327275821516858,600.0,3.998706216741242,0.8127484855932572,0.848817462483,457.9389441250058,377.5123508144783,0.8243726716359527,0.9655722045061956,135.54344961119122,0.2959858543373662,16.409798676264256,18.612931733165706,cora,2,10002,110002,16,3.336543492972851
530,0.000327275821516858,600.0,3.9986741336226865,0.8117364715407192,0.8483204469407768,465.681732027162,388.9137548787851,0.8351492621061217,0.9678688192131888,132.40800810741632,0.2843315487833938,16.68625575416962,18.921398447725483,cora,2,10002,110002,16,3.336543492972851
540,0.000327275821516858,600.0,3.9986435409584233,0.8112449218580577,0.8481165867041921,473.0389114911474,399.78237330223027,0.8451363378162854,0.9700254445164503,129.2426158477282,0.27321772629723057,16.950062198978998,19.217586552813952,cora,2,10002,110002,16,3.336543492972851
550,0.000327275821516858,600.0,3.9986144130759955,0.8103341092107735,0.8477541657800941,480.0305522704066,410.15584433676247,0.8544369569745992,0.9720397739098382,126.06547383408623,0.26261968792993023,17.20139679886761,19.501604596505825,cora,2,10002,110002,16,3.336543492972851
560,0.000327275821516858,600.0,3.998586715304031,0.8094377539070972,0.8473800816417483,486.67496984906944,420.06523106582523,0.8631330088664687,0.9739124363366141,122.89545006731905,0.2525205890605636,17.440464099270162,19.773599094794047,cora,2,10002,110002,16,3.336543492972851
570,0.000327275821516858,600.0,3.9985604047250347,0.8091486070349434,0.8471868414183877,492.98903109220606,429.5358642148737,0.8712888870229967,0.9756464844103034,119.7511308925534,0.24290830696019236,17.667498423169437,20.03375671387718,cora,2,10002,110002,16,3.336543492972851
580,0.000327275821516858,600.0,3.998535431300625,0.8084112825109514,0.8466222087802133,498.9884385303305,438.58837327673814,0.8789549805372475,0.977246873854059,116.65005444934718,0.23377306054007246,17.88276626465707,20.282305058504704,cora,2,10002,110002,16,3.336543492972851
590,0.000327275821516858,600.0,3.9985117392199623,0.8084980265725976,0.8465941462215434,504.6879743757093,447.2397479657715,0.8861708038892738,0.978719963393558,113.60814424569882,0.22510570890108927,18.086566937742006,20.519511927422215,cora,2,10002,110002,16,3.336543492972851
600,0.000327275821516858,600.0,3.9984892683385613,0.8085558559470283,0.8465653275686477,510.1016967288446,455.50432646430005,0.8929676756327926,0.9800730599835662,110.63933541709991,0.21689662301968896,18.279231595259546,20.745683128368608,cora,2,10002,110002,16,3.336543492972851
0,0.000327275821516858,600.0,3.999989260737176,0.5798117653862279,0.5832750257055024,430.62798811618535,1.298673473868376,0.0030157665309900575,0.02129387554762331,430.60229180618296,0.9999403282863364,2.9422908690745704,5.630476023954979,cora,3,10003,110003,16,2.1205118920188397
1,0.000327275821516858,600.0,3.9999835864205786,0.5799418814786972,0.579223895859222,286.53339174041014,1.3063137713942141,0.004559028054146274,0.06107060568886388,286.4565818326683,0.9997319338340453,2.9475602423205114,5.634389054788578,cora,3,10003,110003,16,2.1205118920188397
10,0.000327275821516858,600.0,3.99997802108117,0.5865922595382325,0.5880917612214862,29.961981527162973,1.386304968733778,0.04626880126326024,0.8329064335476355,28.817533479775825,0.9618033257797182,3.001732980066903,5.6735837485302225,cora,3,10003,110003,16,2.1205118920188397
20,0.000327275821516858,600.0,3.999976568395002,0.5928667466639681,0.5950448522980621,30.408570153175916,1.4843443088589718,0.048813354307089794,0.8582353974858995,29.144612509444336,0.9584341638766738,3.065332949506673,5.719781099621533,cora,3,10003,110003,16,2.1205118920188397
30,0.000327275821516858,600.0,3.999974987553119,0.6001677051858492,0.6033737684502183,31.803247433108808,1.5921291146373369,0.050061840948350735,0.8589113643252086,30.446669460678127,0.9573446713174827,3.132093429860057,5.768617509253522,cora,3,10003,110003,16,2.1205118920188397
40,0.000327275821516858,600.0,3.9999732606164016,0.6069915713686768,0.6117795619603636,33.29766435303768,1.7108965608024755,0.051381879000963436,0.8595559701120914,31.83906047533342,0.9561950092883558,3.202231954809326,5.820294620918023,cora,3,10003,110003,16,2.1205118920188397
50,0.000327275821516858,600.0,3.999971370246615,0.6149720250401192,0.6219656315517095,34.90070151698964,1.8420767328203436,0.052780507346639485,0.8601857849419224,33.32941523850417,0.9549783754999718,3.2759857630163607,5.8750339116529116,cora,3,10003,110003,16,2.1205118920188397
60,0.000327275821516858,600.0,3.9999692966592733,0.6228801919935232,0.6332012385768885,36.62244963662235,1.9873288512789684,0.054265317339439935,0.8608125582891164,34.92637903738418,0.9536876802052557,3.3536135515680363,5.9330787182178595,cora,3,10003,110003,16,2.1205118920188397
70,0.000327275821516858,600.0,3.9999670172325548,0.6307739016033195,0.6439248357862265,38.47409101867732,2.1485853974362907,0.055844994398782696,0.8614494433631043,36.6394444033189,0.9523147508678557,3.43539769636113,5.994696692205098,cora,3,10003,110003,16,2.1205118920188397
80,0.000327275821516858,600.0,3.999964506050724,0.6386820685567234,0.6548404588305237,40.46802035818546,2.3281062734034825,0.05752953203040921,0.8621112580247295,38.47902162830005,0.9508501104753672,3.5216466956125485,6.060182535667362,cora,3,10003,110003,16,2.1205118920188397
90,0.000327275821516858,600.0,3.999961733370432,0.6471251572236117,0.6657762328218273,42.61797637844546,2.5285456642997555,0.059330495700837566,0.8628147519410191,40.45650789471512,0.9492827049192433,3.6126978485909205,6.129861040133246,cora,3,10003,110003,16,2.1205118920188397
100,0.000327275821516858,600.0,3.999958664997703,0.6546429758996082,0.6759658710042431,44.939184072787384,2.753035054711334,0.06126134934386616,0.8635788496165784,42.584351424671326,0.9475995682453431,3.7089201755113974,6.204090448824016,cora,3,10003,110003,16,2.1205118920188397
110,0.000327275821516858,600.0,3.9999552615622247,0.6622041666064278,0.6869483051394617,47.44850686898626,3.0052868996844246,0.06333786030364569,0.8644248318108337,44.876105630796395,0.945785412272451,3.810717576239702,6.283266155915478,cora,3,10003,110003,16,2.1205118920188397
120,0.000327275821516858,600.0,3.999951477674703,0.6704303951192008,0.6984148833484445,50.164607325431476,3.289724831823623,0.06557860226996858,0.8653764022996541,47.346466275998374,0.9438221248070168,3.9185322129049514,6.367824746585045,cora,3,10003,110003,16,2.1205118920188397
130,0.000327275821516858,600.0,3.999947260952829,0.6785265075395047,0.7071262685710177,53.108113982984854,3.611648098984036,0.06800558009160636,0.8664595687776865,50.011282054186886,0.9416881584273515,4.0328480831269315,6.458248365637873,cora,3,10003,110003,16,2.1205118920188397
140,0.000327275821516858,600.0,3.9999425509023054,0.6868250227703161,0.7168939071767488,56.30179065260586,3.9774402874862185,0.07064500509456048,0.8677022477571682,52.88752563101631,0.9393577898320091,4.154194724259282,6.555069378439382,cora,3,10003,110003,16,2.1205118920188397
150,0.000327275821516858,600.0,3.9999372776421906,0.6951813673755585,0.7270437911043331,59.770702608405514,4.394835419380151,0.0735282542715519,0.8691334871803346,55.9932078603922,0.936800228487157,4.283150952190909,6.658875252716663,cora,3,10003,110003,16,2.1205118920188397
160,0.000327275821516858,600.0,3.999931360469421,0.7032485651086469,0.7374983265470669,63.542371745566,4.873258333480308,0.07669305063074491,0.8707821933559508,59.347212446512,0.9339785534626863,4.420348487519497,6.77031353971757,cora,3,10003,110003,16,2.1205118920188397
170,0.000327275821516858,600.0,3.9999247062674663,0.7109832439387587,0.7455234542054736,67.64690959315153,5.424260928238956,0.08018490365431416,0.8726752603303873,62.96902161663627,0.9308484599717938,4.566475253287679,6.89009676349829,cora,3,10003,110003,16,2.1205118920188397
180,0.000327275821516858,600.0,3.99991720778047,0.7194263326056471,0.7556076112010998,72.11711296179767,6.062081283450161,0.0840588458756163,0.8748350428851874,66.8782953733137,0.9273568037691816,4.722278037281996,7.0190069320949116,cora,3,10003,110003,16,2.1205118920188397
190,0.000327275821516858,600.0,3.999908741799761,0.7268574072199975,0.7643484524451902,76.98850176538072,6.804358536423916,0.08838149048750056,0.8772762038710152,71.09425779018953,0.923439944406846,4.888564093093898,7.157899257671842,cora,3,10003,110003,16,2.1205118920188397
200,0.000327275821516858,600.0,3.999899167347588,0.7333198398126328,0.7722165721476721,82.29927201455857,7.673041824980707,0.0932334106627743,0.8800021148250621,75.63483418943957,0.9190219103768006,5.066201102964799,7.307704507993809,cora,3,10003,110003,16,2.1205118920188397
210,0.000327275821516858,600.0,3.9998883239973297,0.7403750234931833,0.7818161280867089,88.09012904596777,8.695534981850406,0.09871179751947967,0.8830011967685517,80.51547416533369,0.9140124442696477,5.256114738669788,7.4694292034980645,cora,3,10003,110003,16,2.1205118920188397
220,0.000327275821516858,600.0,3.999876030544292,0.7469531148346804,0.7907603583130982,94.40395680550489,9.9061171331884,0.10493328318427808,0.8862438323920029,85.74758966681543,0.9083050389876806,5.4592828349205575,7.6441526211467234,cora,3,10003,110003,16,2.1205118920188397
230,0.000327275821516858,600.0,3.999862084339663,0.7521577585334471,0.7972285933722023,101.28526885987759,11.34766845553671,0.11203671158967414,0.8896806999106546,91.3365387222422,0.9017751520075551,5.676724941028173,7.8330192738647595,cora,3,10003,110003,16,2.1205118920188397
240,0.000327275821516858,600.0,3.9998462617223822,0.7564515895849298,0.8018148576183735,108.77937674470164,13.073703679286398,0.12018549903967145,0.8932434676922851,97.27910012123145,0.8942788884472044,5.90948576188162,8.037225221943858,cora,3,10003,110003,16,2.1205118920188397
250,0.000327275821516858,600.0,3.9998283201230795,0.7602394136101432,0.8054176794881409,116.9312031336975,15.150665197703892,0.12956905249987752,0.8968486179152788,103.56042144653259,0.8856525775085291,6.15861078031876,8.257996281526397,cora,3,10003,110003,16,2.1205118920188397
260,0.000327275821516858,600.0,3.999808002552653,0.7636947187323802,0.8086045185671031,125.78366427470468,17.660343451183746,0.14040252009684276,0.9004046399244034,110.15049399784347,0.8757138268549784,6.425112241349637,8.496555999056953,cora,3,10003,110003,16,2.1205118920188397
270,0.000327275821516858,600.0,3.999785045288222,0.7674391707267707,0.8120562837508605,135.3755529901779,20.702166164693654,0.1529239637986608,0.9038219726449391,117.00032655622543,0.8642648097970416,6.709923785363293,8.754081276983706,cora,3,10003,110003,16,2.1205118920188397
280,0.000327275821516858,600.0,3.999759189567979,0.7703306394483077,0.81408109715231,145.7388769375646,24.394926538118273,0.16738791358032218,0.9070240968713574,124.03816649090497,0.8510986848350948,7.01384249722372,9.031643932982202,cora,3,10003,110003,16,2.1205118920188397
290,0.000327275821516858,600.0,3.9997301979116218,0.7735546270728216,0.8161344425660928,156.89565489834652,28.877311842753095,0.18405424842047313,0.9099574740461174,131.16635224428742,0.8360101006574768,7.337458181171761,9.330137464184272,cora,3,10003,110003,16,2.1205118920188397
300,0.000327275821516858,600.0,3.9996978751820342,0.7763593517327125,0.8180854867392077,168.8542547227634,34.30637805282655,0.20317153458260878,0.9125980027089058,138.25965366927213,0.8188106002793735,7.681071468221835,9.650190090215178,cora,3,10003,110003,16,2.1205118920188397
310,0.000327275821516858,600.0,3.9996620935964575,0.7796267113880495,0.8201265992384095,181.60547500382106,40.85295738324223,0.2249544369870053,0.9149524813570672,145.16620417260077,0.7993492716535469,8.044605027477676,9.992067915300526,cora,3,10003,110003,16,2.1205118920188397
320,0.000327275821516858,600.0,3.999622819560131,0.7823880640171175,0.8217145386892539,195.11872459499997,48.692992174258315,0.24955571165877793,0.9170549789773396,151.7122349244147,0.7775380617073919,8.427515595823051,10.355575726527528,cora,3,10003,110003,16,2.1205118920188397
330,0.000327275821516858,600.0,3.999580138588263,0.7852217033642239,0.8232163645291853,209.3388198250798,57.99410715200853,0.2770346522468574,0.9189594390319249,157.71161851899765,0.7533797059273525,8.828718305061257,10.739967096919026,cora,3,10003,110003,16,2.1205118920188397
340,0.000327275821516858,600.0,3.9995342731308074,0.7878240252136073,0.8247243875901464,224.18405686449458,68.89750707816125,0.30732563252615924,0.9207306791790312,162.98054004021927,0.7269943381332016,9.246537913188536,11.143879116455157,cora,3,10003,110003,16,2.1205118920188397
350,0.000327275821516858,600.0,3.999485587525386,0.7901372001908369,0.8262548962165776,239.54626285951704,81.49656832015434,0.3402122301859844,0.9224359212118163,167.35635216520856,0.6986389608731046,9.678702597012483,11.565308723960351,cora,3,10003,110003,16,2.1205118920188397
360,0.000327275821516858,600.0,3.999434575371785,0.792566033916928,0.8278399709728249,255.29341337260425,95.8151073459826,0.3753136678310581,0.9241382602910801,170.7179924181468,0.6687128749733215,10.122393348803836,12.001645539105047,cora,3,10003,110003,16,2.1205118920188397
370,0.000327275821516858,600.0,3.9993818277945152,0.7942575431190272,0.8287562163416696,271.2750781964297,111.78976446701192,0.41209006448452734,0.9258925084076822,173.00375671619224,0.6377429060804494,10.574354725948922,12.449769105117577,cora,3,10003,110003,16,2.1205118920188397
380,0.000327275821516858,600.0,3.999327985906614,0.7962092845060649,0.8298724301606641,287.33044029076785,129.26149116347892,0.4498705080905143,0.9277430674713869,174.2215475360424,0.6063455976322474,11.031061215499717,12.90620686318633,cora,3,10003,110003,16,2.1205118920188397
390,0.000327275821516858,600.0,3.999273685762865,0.7978285069901255,0.8313078806310329,303.29803380549146,147.98008950028566,0.4879032272104573,0.9297231299947644,174.44771895184647,0.5751693038132975,11.488920376207567,13.367335482970862,cora,3,10003,110003,16,2.1205118920188397
400,0.000327275821516858,600.0,3.9992195070124303,0.7998091630643787,0.8326291958305848,319.02585529247204,167.62298251474067,0.5254213090693531,0.9318545462510192,173.81349591776095,0.5448257344484341,11.94448347330034,13.829596703634019,cora,3,10003,110003,16,2.1205118920188397
410,0.000327275821516858,600.0,3.999165935683061,0.801399470861224,0.8338684029481558,334.38031277053244,187.82563200035497,0.5617125914026218,0.9341479610294351,172.4818093750924,0.5158252528265849,12.394630800672356,14.289694111561396,cora,3,10003,110003,16,2.1205118920188397
420,0.000327275821516858,600.0,3.99911334709384,0.8026428024114849,0.834764191827845,349.25269326974325,208.21770020934736,0.5961806572198189,0.9366031175679636,170.62059367053834,0.4885305022938235,12.836704331250443,14.744741673761263,cora,3,10003,110003,16,2.1205118920188397
430,0.000327275821516858,600.0,3.9990620087110624,0.8029753213144617,0.8353518971360423,363.562394731418,228.45758480940825,0.6283861810795406,0.9392094252508351,168.37953587649767,0.4631379326260852,13.268573167499563,15.19234707969444,cora,3,10003,110003,16,2.1205118920188397
440,0.000327275821516858,600.0,3.9990120975210317,0.8032066388121847,0.8359428643147258,377.25688553846527,248.25891086872247,0.658063299532302,0.9419469506401297,165.87546800499513,0.43968837777006564,13.688632863063237,15.630628536710677,cora,3,10003,110003,16,2.1205118920188397
450,0.000327275821516858,600.0,3.9989637240920413,0.8031488094377539,0.8363856263692294,390.308983257258,267.4053650920979,0.6851119921978516,0.9447879383823811,163.18806384727307,0.4180996872923972,14.095752708508773,16.058177193822857,cora,3,10003,110003,16,2.1205118920188397
460,0.000327275821516858,600.0,3.998916956161749,0.8031343520941461,0.8366712961131807,402.71241082000785,285.7536057476022,0.7095723848335026,0.9476988481725158,160.36405936384227,0.39820987646570677,14.489191961932452,16.473985048425746,cora,3,10003,110003,16,2.1205118920188397
470,0.000327275821516858,600.0,3.99887183716593,0.8036403591204151,0.8374539638015677,414.4766494029854,303.22662248221224,0.7315891568776712,0.9506427611457036,157.426297174891,0.3798194600386988,14.868506179346484,16.877359175587667,cora,3,10003,110003,16,2.1205118920188397
480,0.000327275821516858,600.0,3.998828398074416,0.8040885367722536,0.8380061132607147,425.6219319252569,319.8012105406637,0.7513738991176416,0.9535819108755916,154.38382886915522,0.36272526693071455,15.233460126652382,17.26783907815092,cora,3,10003,110003,16,2.1205118920188397
490,0.000327275821516858,600.0,3.998786663122367,0.8047246598909916,0.8388896010729331,436.17493038849506,335.4932157296946,0.7691712484045687,0.9564800595482874,151.24046449097122,0.3467426804109613,15.583957059428968,17.645127628252933,cora,3,10003,110003,16,2.1205118920188397
500,0.000327275821516858,600.0,3.9987466511496557,0.8044499703624457,0.8391367087775101,446.16539538647424,350.34337096152376,0.7852320565068741,0.9593044737071817,148.00062296821244,0.3317169473441847,15.91998785088352,18.00903988439077,cora,3,10003,110003,16,2.1205118920188397
510,0.000327275821516858,600.0,3.998708374460606,0.8042186528647226,0.8394065953926515,455.62377535145947,364.4054246177228,0.7997945768669061,0.9620273387385188,144.67247228322012,0.3175261698571865,16.24159887469264,18.359469436734468,cora,3,10003,110003,16,2.1205118920188397
520,0.000327275821516858,600.0,3.998671836775545,0.8045077997368764,0.8396764036370085,464.57969917251387,377.73724747446863,0.8130730812114161,0.964626556836814,141.2689483564366,0.3040790387700061,16.548875014904414,18.696369247567944,cora,3,10003,110003,16,2.1205118920188397
530,0.000327275821516858,600.0,3.998637031317213,0.8042186528647226,0.8396958475673397,473.06114012228215,390.39488320424886,0.8252524887234136,0.9670859695132876,137.80739829910945,0.2913099103077616,16.841933334513165,19.01974293666378,cora,3,10003,110003,16,2.1205118920188397
540,0.000327275821516858,600.0,3.9986039395804887,0.8039584206797843,0.8395746376361577,481.0940690704181,402.4291003018685,0.8364873445217316,0.9693951126874649,134.30849729835117,0.279173047295855,17.12092320111776,19.329642569191257,cora,3,10003,110003,16,2.1205118920188397
550,0.000327275821516858,600.0,3.99857253096731,0.8037993899000999,0.8396551868585638,488.7024270415037,413.8838469986716,0.8469036045190788,0.9715486433942057,130.79490210632642,0.2676371036217884,17.386029489002556,19.62616970241598,cora,3,10003,110003,16,2.1205118920188397
560,0.000327275821516858,600.0,3.9985427632414634,0.8034813283407305,0.8395906573528529,495.90828271655596,424.79601676666584,0.8566019797847672,0.9735455767208749,127.28992397467624,0.2566803750027921,17.63747645245826,19.90947734025183,cora,3,10003,110003,16,2.1205118920188397
570,0.000327275821516858,600.0,3.998514583642733,0.803090980063323,0.8394127271790068,502.7320775790915,435.19602195781624,0.8656619328002793,0.9753884503608609,123.81636823988568,0.24628698617387604,17.87553076276561,20.17977129325626,cora,3,10003,110003,16,2.1205118920188397
580,0.000327275821516858,600.0,3.998487930460433,0.8034234989662999,0.8394850319190437,509.1928938689559,445.108791612423,0.8741457254644536,0.9770825035943839,120.39560064135155,0.23644399222966403,18.100502918856,20.437310134646513,cora,3,10003,110003,16,2.1205118920188397
590,0.000327275821516858,600.0,3.9984627348709747,0.8031632667813617,0.8393897216833917,515.308706045125,454.5549240856236,0.8821021627486705,0.9786349265567685,117.04685129644882,0.2271392854872496,18.312746759272155,20.68240345155665,cora,3,10003,110003,16,2.1205118920188397
600,0.000327275821516858,600.0,3.998438922870843,0.8029464066272463,0.839465005685519,521.0965950381348,463.55182086375544,0.8895698518809779,0.9800542096020848,113.78674273870159,0.21836017318511644,18.512657142769008,20.91540843017078,cora,3,10003,110003,16,2.1205118920188397
0,0.000327275821516858,600.0,4.000001296602461,0.5587329584062224,0.5775100774434666,643.0935728377538,1.3147971419560063,0.0020444880768349973,-0.016358892975912774,643.1164251009977,1.0000355348960233,2.954008423010547,5.639565635164486,cora,4,10004,110004,16,2.2521592170232907
1,0.000327275821516858,600.0,3.9999887457207532,0.5584148968468534,0.5778462134143396,426.87432679020753,1.3210790277474416,0.0030947727348257736,0.02162833908904266,426.8477974403379,0.999937852083846,2.9584910454139255,5.6430763902365015,cora,4,10004,110004,16,2.2521592170232907
10,0.000327275821516858,600.0,3.9999777868900415,0.5636773699200509,0.5845274623970425,31.198135508397744,1.4014854357513622,0.04492208950673088,0.8069903042148876,30.078539927714044,0.9641133816992898,3.012530414923836,5.682282866563293,cora,4,10004,110004,16,2.2521592170232907
20,0.000327275821516858,600.0,3.999976304320396,0.5713686767193397,0.5931562616972637,30.69961919719575,1.5013653377482234,0.0489050150135206,0.8580535936463386,29.421472257034555,0.9583660327526815,3.076735499565654,5.728912088052354,cora,4,10004,110004,16,2.2521592170232907
30,0.000327275821516858,600.0,3.999974692196774,0.5794358744524281,0.6022668146369732,32.13056165226937,1.6112546683424749,0.05014710560556518,0.8583822828754503,30.75859788372806,0.9573003490138365,3.1441516892682064,5.77822620615461,cora,4,10004,110004,16,2.2521592170232907
40,0.000327275821516858,600.0,3.9999729282644467,0.5882403967095087,0.6133275115388187,33.66824658369509,1.7324398377557928,0.05145619429420425,0.8586452915821958,32.192944680695625,0.9561812077343546,3.215005140403939,5.830434600258726,cora,4,10004,110004,16,2.2521592170232907
50,0.000327275821516858,600.0,3.9999709938413788,0.59672685740722,0.624343621740294,35.32256042255963,1.866414942458131,0.052839174740744406,0.8588703192101944,33.73310032582537,0.9550015605403532,3.2895443648119094,5.885768493175428,cora,4,10004,110004,16,2.2521592170232907
60,0.000327275821516858,600.0,3.9999688674652023,0.6048663418583469,0.6367331659781829,37.105060849624614,2.014920903528731,0.05430312893690122,0.8590740438129665,35.38912588549006,0.953754692086648,3.3680418914866292,5.94448318407225,cora,4,10004,110004,16,2.2521592170232907
70,0.000327275821516858,600.0,3.999966524420068,0.6133961745868814,0.6484809199381636,39.02862728044563,2.1799956698533434,0.055856324491985875,0.8592768538596406,37.17213650208908,0.9524325883916829,3.450797004818197,6.0068609991836475,cora,4,10004,110004,16,2.2521592170232907
80,0.000327275821516858,600.0,3.9999639361806216,0.6211163960733855,0.6600348926920279,41.107608419612504,2.3640369368630942,0.057508500925955316,0.8595036085157636,39.09438812804705,0.9510256040435341,3.5381387941091518,6.07321461869227,cora,4,10004,110004,16,2.2521592170232907
90,0.000327275821516858,600.0,3.999961069757264,0.6298486316124274,0.6729646703439033,43.35798121055999,2.5698811407490125,0.059271236090740975,0.8597843951119042,41.16935893468585,0.9495220438136752,3.6304295290646267,6.143890814845502,cora,4,10004,110004,16,2.2521592170232907
100,0.000327275821516858,600.0,3.9999578869269032,0.6379302866891238,0.6853613698917671,45.797519913544036,2.800903816416105,0.06115841691217373,0.8601552199991421,43.41181889544131,0.9479076372998707,3.7280683698065054,6.219274631985832,cora,4,10004,110004,16,2.2521592170232907
110,0.000327275821516858,600.0,3.9999543433322393,0.6464601194176582,0.6968022283235695,48.44597320911782,3.0611482334618048,0.06318684568990511,0.8606585107064817,45.83787853816286,0.9461648822762405,3.831495406038613,6.299794029836842,cora,4,10004,110004,16,2.2521592170232907
120,0.000327275821516858,600.0,3.9999503874322526,0.6544984024635314,0.7062993181322115,51.32524592007944,3.355491743303585,0.06537702222661639,0.861343246620432,48.465004353068466,0.9442722286910272,3.9411959983268994,6.385924994870603,cora,4,10004,110004,16,2.2521592170232907
130,0.000327275821516858,600.0,3.9999459592876097,0.6623342826988968,0.7153638245759979,54.459580164264416,3.689862724669078,0.067754152961508,0.862264460786158,51.311983731135975,0.9422030720098381,4.0577053620976065,6.478197097684595,cora,4,10004,110004,16,2.2521592170232907
140,0.000327275821516858,600.0,3.9999409891681488,0.6705749685552778,0.7243572778835665,57.87572834363687,4.071525694860405,0.07034945064856445,0.8634817730203168,54.39881634176078,0.9399245227423845,4.181613287959405,6.577199432720436,cora,4,10004,110004,16,2.2521592170232907
150,0.000327275821516858,600.0,3.999935395976902,0.6792493747198889,0.7341301291321485,61.60310715649068,4.509458367211813,0.07320180061301801,0.8650565411295427,57.746501304361686,0.9373959199439074,4.3135688252968585,6.6835868146870965,cora,4,10004,110004,16,2.2521592170232907
160,0.000327275821516858,600.0,3.9999290854982674,0.6872009137041161,0.7423716510061851,65.67391757019224,5.014852413596629,0.07635987922049507,0.8670471866120744,61.376680224627044,0.9345670624723686,4.454284663582287,6.7980860164826815,cora,4,10004,110004,16,2.2521592170232907
170,0.000327275821516858,600.0,3.999921948499823,0.6955717156529659,0.7505939846129515,70.12321017215758,5.601779397714355,0.07988481109124325,0.869502322003693,65.31108524402372,0.9313761461245178,4.6045408203205405,6.921501707455738,cora,4,10004,110004,16,2.2521592170232907
180,0.000327275821516858,600.0,3.9999138587515835,0.7036389133860543,0.7591703423846677,74.9888682998909,6.288074103961933,0.08385343380320198,0.8724515642297402,69.57072925837615,0.9277474221927599,4.765187078346498,7.054721578555488,cora,4,10004,110004,16,2.2521592170232907
190,0.000327275821516858,600.0,3.9999046710777852,0.7110266159695817,0.7673275466484388,80.31147269147009,7.096497364572241,0.08836218695471591,0.8758944620241013,74.17476382796524,0.9235886398562253,4.937143401622666,7.1987199123393,cora,4,10004,110004,16,2.2521592170232907
200,0.000327275821516858,600.0,3.999894219629632,0.7176336219982941,0.7739580915426787,86.13400115578054,8.056245397999161,0.09353153562933607,0.8797888664036543,79.1389218937755,0.9187884091283087,5.121397294592942,7.354558563525492,cora,4,10004,110004,16,2.2521592170232907
210,0.000327275821516858,600.0,3.9998823166671946,0.7243996588066908,0.7800871204986821,92.50130540787458,9.204865325043555,0.09951065322219711,0.8840412791794957,84.47346229896014,0.9132137317033903,5.318996760652515,7.523383959662743,cora,4,10004,110004,16,2.2521592170232907
220,0.000327275821516858,600.0,3.9998687522663707,0.7304717431219188,0.7858755330585109,99.45929594321072,10.590605673292648,0.10648180818954996,0.8885029143985603,90.18054941961783,0.9067081016852274,5.531037181258784,7.706418326587124,cora,4,10004,110004,16,2.2521592170232907
230,0.000327275821516858,600.0,3.9998532955169126,0.7355607280718242,0.7905838532462897,107.05375698195587,12.275161523324957,0.11466352858026235,0.8929757281751213,96.25104576249059,0.8990907790252882,5.7586401261186335,7.904942931858592,cora,4,10004,110004,16,2.2521592170232907
240,0.000327275821516858,600.0,3.9998356979310694,0.7408376584886294,0.7946591281089462,115.32871110792799,14.336650999836209,0.12431120457437135,0.897231584552779,102.660783405935,0.8901580744266017,6.002921904621739,8.120270806591837,cora,4,10004,110004,16,2.2521592170232907
250,0.000327275821516858,600.0,3.999815699898371,0.7460423021873961,0.7982030911934623,124.32426336471376,16.872473087842945,0.13571343703317498,0.9010443596261927,109.36652766297269,0.8796877190588169,6.264949721284843,8.353706297724031,cora,4,10004,110004,16,2.2521592170232907
260,0.000327275821516858,600.0,3.999793041029413,0.7524179907183854,0.8026620945592657,134.07388550940325,20.0014511628878,0.14918230412204322,0.9042295988216167,116.30206333773013,0.8674475487590259,6.545683805858311,8.606489136234778,cora,4,10004,110004,16,2.2521592170232907
270,0.000327275821516858,600.0,3.999767475026667,0.7586201911260826,0.8067058157946718,144.60116232452233,23.86439283861276,0.1650359682798047,0.9066814838481337,123.37511139757515,0.8532096797444101,6.845905099116823,8.879721761559306,cora,4,10004,110004,16,2.2521592170232907
280,0.000327275821516858,600.0,3.9997387891828504,0.7640995243533953,0.8105705729629027,155.91612127716587,28.621961627816187,0.18357281718762147,0.9083954583614302,130.4660743646739,0.8367709079470336,7.166130221494445,9.174280705493825,cora,4,10004,110004,16,2.2521592170232907
290,0.000327275821516858,600.0,3.999706827646665,0.7699692058581156,0.8147970542538092,168.0114054951236,34.44867062125926,0.205037690862357,0.9094687956618203,137.4298062500471,0.8179790285370591,7.5065186299582285,9.490716080489834,cora,4,10004,110004,16,2.2521592170232907
300,0.000327275821516858,600.0,3.9996715162384406,0.7747256719050442,0.8181150035874032,180.85871460054545,41.522027290138524,0.22958267386698156,0.9100792929056835,144.10153780711462,0.7967630319909397,7.866780848645191,9.82914748766777,cora,4,10004,110004,16,2.2521592170232907
310,0.000327275821516858,600.0,3.999632885097397,0.7790917896745652,0.8213312730850459,194.40609274986923,50.00654903619884,0.25722727270970513,0.9104499416784569,150.30756449509718,0.7731628282272459,8.246100678419928,10.189169253292585,cora,4,10004,110004,16,2.2521592170232907
320,0.000327275821516858,600.0,3.999591084341585,0.782865156356171,0.8239126963749088,208.57672823900768,60.03362313025221,0.2878251262118744,0.9108108423645137,155.8802071021278,0.7473518662326747,8.643086967898935,10.56978142376258,cora,4,10004,110004,16,2.2521592170232907
330,0.000327275821516858,600.0,3.9995463879587123,0.7861758880423311,0.8260047303542043,223.26987144315174,71.67986852083521,0.32104586282742636,0.9113678178865384,160.67501330152598,0.7196448507045274,9.055770097436175,10.9693635035357,cora,4,10004,110004,16,2.2521592170232907
340,0.000327275821516858,600.0,3.9994991829079827,0.7893709609796297,0.8276866054259744,238.36422292941992,84.94827535797891,0.35638014092044445,0.9122823071582743,164.58669180877706,0.6904840407090433,9.481653345153282,11.3857038080507,cora,4,10004,110004,16,2.2521592170232907
350,0.000327275821516858,600.0,3.999449943824691,0.7918865387673669,0.829035415502679,253.72369827037838,99.75713221762747,0.3931723086872326,0.9136623296438147,167.55967768412168,0.6604021572536091,9.917819701542646,11.816088125525479,cora,4,10004,110004,16,2.2521592170232907
360,0.000327275821516858,600.0,3.999399197714187,0.7943587445242811,0.8302636119332558,269.20494090793727,115.94080877355381,0.4306786063529319,0.9155616258063167,169.59023559330578,0.629967024458523,10.361082597281223,12.257438985784496,cora,4,10004,110004,16,2.2521592170232907
370,0.000327275821516858,600.0,3.999347485839395,0.7959635096647343,0.8309393904646324,284.66550939976355,133.2636577600224,0.46814121612772064,0.9179837486844254,170.71961421314364,0.5997200523980495,10.808158469006548,12.7064852266707,cora,4,10004,110004,16,2.2521592170232907
380,0.000327275821516858,600.0,3.999295330187504,0.7981321112058871,0.8322661358920155,299.97149511881463,151.4444718468406,0.504862876343819,0.9208889822807587,171.0209033706884,0.5701238489442116,11.255834406657462,13.159935275974904,cora,4,10004,110004,16,2.2521592170232907
390,0.000327275821516858,600.0,3.999243209352239,0.7994766441614017,0.8332746841276194,315.00351650989927,170.1857199585192,0.5402660955791931,0.9242032647137466,170.5842424102061,0.5415312320960878,11.70110741591193,13.614629230491994,cora,4,10004,110004,16,2.2521592170232907
400,0.000327275821516858,600.0,3.9991915448447983,0.8002428833726092,0.8336453364864223,329.66051143080875,189.2007333648265,0.5739259838663969,0.9278289174625252,169.50475006168963,0.5141797218174442,12.14128155954882,14.067653397346266,cora,4,10004,110004,16,2.2521592170232907
410,0.000327275821516858,600.0,3.9991406957674682,0.8009079211785626,0.8343882651379695,343.86130935071344,208.23355520890215,0.6055742520206573,0.9316567048472305,167.87531354418152,0.4882064628357503,12.574021015192194,14.516412369758578,cora,4,10004,110004,16,2.2521592170232907
420,0.000327275821516858,600.0,3.999090958662214,0.8015729589845162,0.834664700039152,357.5443971060302,227.0693625350359,0.6350801868885061,0.9355779835750007,165.78372624207873,0.46367312027243257,12.997366221791317,14.958663230133718,cora,4,10004,110004,16,2.2521592170232907
430,0.000327275821516858,600.0,3.9990425699882484,0.8022379967904697,0.8349349250840379,370.66648042396594,245.53655298589044,0.6624190908901374,0.9394951557861699,163.31213385624056,0.44059051055667403,13.40972430575314,15.392521342331598,cora,4,10004,110004,16,2.2521592170232907
440,0.000327275821516858,600.0,3.9989957099971956,0.8030476080325002,0.8356536857035689,383.20040621609655,263.5034377550709,0.6876387224038445,0.9433288111858765,160.53681280912082,0.4189369588470373,13.809844330154862,15.816447496230644,cora,4,10004,110004,16,2.2521592170232907
450,0.000327275821516858,600.0,3.9989505077429146,0.8036259017768075,0.836088272626744,395.13285052411993,280.87266534781963,0.7108309647635193,0.9470208107389714,157.52734515515868,0.3986693208276866,14.196784844082508,16.22922387100752,cora,4,10004,110004,16,2.2521592170232907
460,0.000327275821516858,600.0,3.998907047219868,0.8042620248955457,0.8366166972850209,406.46200372476693,297.57556062587446,0.7321116313429774,0.9505336617926466,154.34531802084757,0.37972877318530734,14.569878020082959,16.629923567337393,cora,4,10004,110004,16,2.2521592170232907
470,0.000327275821516858,600.0,3.9988653743914124,0.8051150081683991,0.8368404695188498,417.19536232780194,313.5673399069121,0.7516079233415196,0.9538473349937495,151.04318332080678,0.3620442530282203,14.92869259667551,17.01787658076982,cora,4,10004,110004,16,2.2521592170232907
480,0.000327275821516858,600.0,3.998825504557093,0.806040278159291,0.8372316462442029,427.3476764539135,328.82326135099566,0.7694513845951775,0.9569549200902007,147.66383942260117,0.34553560849540665,15.272996990772937,17.39263423472338,cora,4,10004,110004,16,2.2521592170232907
490,0.000327275821516858,600.0,3.9987874293862773,0.8065173704983446,0.8375047724038375,436.9390835266925,343.335376879731,0.7857740124974576,0.9598582876297064,144.2411311658684,0.3301172557090713,15.602723801946391,17.753933845317672,cora,4,10004,110004,16,2.2521592170232907
500,0.000327275821516858,600.0,3.9987511230589345,0.8063294250314448,0.837213606711319,445.9934559058388,357.10954783779977,0.8007058020896055,0.9625644688011593,140.80110978065065,0.3157021878150103,15.917936940877587,18.101665266063836,cora,4,10004,110004,16,2.2521592170232907
510,0.000327275821516858,600.0,3.9987165472052295,0.8065173704983448,0.8374426641211996,454.53698627246007,370.16255441705624,0.8143727916459854,0.9650830220677838,137.36370493021954,0.30220578100080187,16.218802466438877,18.435840687430463,cora,4,10004,110004,16,2.2521592170232907
520,0.000327275821516858,600.0,3.9986836545990885,0.8064306264366986,0.8376271823939225,462.5970242143417,382.51929984782504,0.8268952886099564,0.9674243470671994,133.9444463089847,0.2895488714750623,16.50556385968306,18.756568611791387,cora,4,10004,110004,16,2.2521592170232907
530,0.000327275821516858,600.0,3.998652391755138,0.8057077592563142,0.8371596686269045,470.20116267263126,394.2102082666285,0.8383862898720436,0.96959875178585,130.5559660039027,0.27765981109408666,16.77852199695607,19.06403238915959,cora,4,10004,110004,16,2.2521592170232907
540,0.000327275821516858,600.0,3.998622700677514,0.8052884962916913,0.8370585304175688,477.3765580334416,405.268934793207,0.8489502217342159,0.9716160399787875,127.20914061758393,0.26647546570284786,17.03801963690006,19.358473207250743,cora,4,10004,110004,16,2.2521592170232907
550,0.000327275821516858,600.0,3.998594520026228,0.805216209573653,0.8371775259705236,484.1494561390031,415.7304749819581,0.858682106755478,0.97348541187663,123.91384373750857,0.2559413052442466,17.284429898150798,19.640177064617582,cora,4,10004,110004,16,2.2521592170232907
560,0.000327275821516858,600.0,3.9985677859313133,0.80517283754283,0.8372577498979867,490.5448898931853,425.62970965319056,0.867667197075216,0.9752155227766794,120.67935354013308,0.2460108259743785,17.518148011490545,19.90946504667474,cora,4,10004,110004,16,2.2521592170232907
570,0.000327275821516858,600.0,3.998542432625918,0.8049559773887145,0.8371524070140335,496.5865123241374,435.000372297175,0.8759810456012481,0.9768145973816933,117.51449642665266,0.23664455942763765,17.739585573221408,20.166686157545442,cora,4,10004,110004,16,2.2521592170232907
580,0.000327275821516858,600.0,3.9985183930080868,0.8050427214503608,0.8373706560729979,502.2965308700683,443.8743907865103,0.8836899391234888,0.9782905416886585,114.42761480127864,0.22780888930900905,17.949166572380626,20.412211999493202,cora,4,10004,110004,16,2.2521592170232907
590,0.000327275821516858,600.0,3.99849559918928,0.8048258612962456,0.8373292211199281,507.6957129025544,452.2815356494283,0.8908515950699742,0.9796510256918335,111.42643691556354,0.2194748430679587,18.147324573113835,20.646432694649764,cora,4,10004,110004,16,2.2521592170232907
600,0.000327275821516858,600.0,3.9984739830502596,0.8045077997368764,0.8371796192742714,512.8034378445744,460.24930151519743,0.8975160218303653,0.9809035300348998,108.51790887126614,0.211616968340522,18.334500569345405,20.869753574526936,cora,4,10004,110004,16,2.2521592170232907
0,0.000327275821516858,600.0,3.9999901332172705,0.5473261142997585,0.5448278692251781,452.84960332346515,1.3312841084443974,0.0029397930321106557,0.01574596529815158,452.83059742112977,0.9999580304317462,2.9670782534880105,5.642481108509254,cora,5,10005,110005,16,2.052081903035287
1,0.000327275821516858,600.0,3.9999838509202243,0.5504199858318033,0.5482636460131578,300.79096944546393,1.3388725001068906,0.004451172528800403,0.05422043031510891,300.7213469210349,0.9997685351905432,2.9723609523101597,5.646382126062005,cora,5,10005,110005,16,2.052081903035287
10,0.000327275821516858,600.0,3.9999778326112057,0.5542367245442322,0.5515732381275464,30.061729737598863,1.4196582789026986,0.04722477020765378,0.8291441601408647,28.89552937474694,0.9612064783686305,3.026371698953152,5.685781367005265,cora,5,10005,110005,16,2.052081903035287
20,0.000327275821516858,600.0,3.999976377742105,0.5604533822955371,0.5587778014800076,30.459722984440543,1.5188289546098062,0.04986351830532587,0.8555356561425154,29.17091165325332,0.9576880153557019,3.0898661418413944,5.732229184133928,cora,5,10005,110005,16,2.052081903035287
30,0.000327275821516858,600.0,3.999974793239031,0.5672338764475415,0.5659476236912349,31.8725337873214,1.6277774251448662,0.051071478534046796,0.8557752603074461,30.491153596177885,0.9566592289034448,3.1565002187057627,5.781309175516249,cora,5,10005,110005,16,2.052081903035287
40,0.000327275821516858,600.0,3.9999730600682937,0.5746215790310688,0.575569963799524,33.39243580121072,1.7477566480414017,0.05233989692893361,0.855946930651685,31.909248290075187,0.9555831290665606,3.2264982302439513,5.833226448025657,cora,5,10005,110005,16,2.052081903035287
50,0.000327275821516858,600.0,3.9999711596815914,0.5823562578611805,0.5841164170837916,35.030134598901576,1.8802229117943308,0.05367444154363278,0.8560693507521336,33.434659775834604,0.95445421945033,3.3001060841303524,5.888207841642182,cora,5,10005,110005,16,2.052081903035287
60,0.000327275821516858,600.0,3.9999690706744873,0.590698145122815,0.5947080001106835,36.797911162569285,2.02687844207102,0.055081345055606155,0.8561614139610296,35.07821385852476,0.9532664423138835,3.3775945452972658,5.9465045316094045,cora,5,10005,110005,16,2.052081903035287
70,0.000327275821516858,600.0,3.9999667682773645,0.598056933019127,0.6037816234893294,38.70954380483026,2.1897241974704658,0.05656807035781257,0.8562472582108083,36.85196217399219,0.9520123088971595,3.4592623207290503,6.008395214914097,cora,5,10005,110005,16,2.052081903035287
80,0.000327275821516858,600.0,3.999964223750768,0.6070494007431075,0.6149899887317658,40.78048630212997,2.371126868193617,0.05814366338416549,0.8563572868103079,38.76929402856724,0.9506824842974545,3.5454395166449597,6.074189746929109,cora,5,10005,110005,16,2.052081903035287
90,0.000327275821516858,600.0,3.999961403666977,0.6162442712775955,0.627497725641329,43.02806070718627,2.5739047644301514,0.05981921383689678,0.8565292333404151,40.84504309325511,0.9492652567173084,3.6364915118223142,6.14423327975426,cora,5,10005,110005,16,2.052081903035287
100,0.000327275821516858,600.0,3.9999582690583133,0.6247307319753068,0.6392256275570156,45.471663270751854,2.8014390234207114,0.06160845726579447,0.856809112359265,43.095580892654674,0.947745866168359,3.7328232684278104,6.218910951171949,cora,5,10005,110005,16,2.052081903035287
110,0.000327275821516858,600.0,3.999954774410972,0.6333762234527028,0.6520938179711351,48.13298077997936,3.057819037024262,0.06352856165301411,0.8572518654943923,45.53888560668896,0.9461056612066419,3.8348840860929307,6.298653164849732,cora,5,10005,110005,16,2.052081903035287
120,0.000327275821516858,600.0,3.999950866482402,0.6421952030533911,0.6637238532439032,51.03621288579385,3.348034460959534,0.06560115399729187,0.8579214199041062,48.1945700204438,0.9443210476508331,3.9431727797040304,6.383941485444486,cora,5,10005,110005,16,2.052081903035287
130,0.000327275821516858,600.0,3.9999464829212803,0.6519539099885788,0.6772541937704037,54.2082936064075,3.678230966028125,0.06785365709414902,0.8588897626107926,51.08384624376944,0.9423621893482966,4.058243222056339,6.475315142246755,cora,5,10005,110005,16,2.052081903035287
140,0.000327275821516858,600.0,3.999941550673248,0.6610620364614206,0.6898378667174349,57.679101947232354,4.056053450711449,0.07032102293170452,0.8602345135109133,54.22939670648886,0.9401914190012971,4.180710133536425,6.573378085936709,cora,5,10005,110005,16,2.052081903035287
150,0.000327275821516858,600.0,3.999935984164818,0.669635241220778,0.701701339694719,61.48164720132353,4.491109180670155,0.07304796447570575,0.8620343848481408,57.65511055607049,0.9377613187115347,4.311254915071084,6.678806466798698,cora,5,10005,110005,16,2.052081903035287
160,0.000327275821516858,600.0,3.999929683275041,0.6793939481559659,0.7138783161563395,65.65220866681875,4.995594531286137,0.07609179695139424,0.8643619105290364,61.38563169869291,0.9350124381987135,4.450631198605197,6.792356288784402,cora,5,10005,110005,16,2.052081903035287
170,0.000327275821516858,600.0,3.999922531133788,0.6888779655626076,0.7263854659930787,70.23040187877473,5.5851424804225145,0.07952599345883105,0.8672730229283783,65.44564941226068,0.9318706380924169,4.599669620567081,6.914870828947168,cora,5,10005,110005,16,2.052081903035287
180,0.000327275821516858,600.0,3.99991439183215,0.6981162081279185,0.7379520527161064,75.25913365386184,6.279962436529887,0.08344452203520202,0.8707935967346674,69.85884549339711,0.9282440828338234,4.759281096506502,7.047287180670187,cora,5,10005,110005,16,2.052081903035287
190,0.000327275821516858,600.0,3.999905108201362,0.7062990646098687,0.7477426170751472,80.78439605560204,7.106356041125412,0.0879669390142407,0.8749041183191357,74.64639534923455,0.924019971602649,4.930457578891288,7.190640965986015,cora,5,10005,110005,16,2.052081903035287
200,0.000327275821516858,600.0,3.9998944999191575,0.7143518049993494,0.7571285358960814,86.8548348864951,8.098695558671146,0.09324403839181551,0.8795252113251403,79.8249085973779,0.9190611979367165,5.114268909810892,7.34606785474955,cora,5,10005,110005,16,2.052081903035287
210,0.000327275821516858,600.0,3.999882362343068,0.7220141971114228,0.7660333291043685,93.52101222995826,9.30193406681655,0.09946357342608825,0.8845085737449475,85.40369536794348,0.9132032826798843,5.311853943783243,7.514800025029041,cora,5,10005,110005,16,2.052081903035287
220,0.000327275821516858,600.0,3.9998684666504842,0.7293440703205193,0.7743581091879826,100.83426679327329,10.774662628203918,0.10685516908943005,0.8896391372941915,91.38127034591353,0.9062521427686886,5.52440364576612,7.698155122248787,cora,5,10005,110005,16,2.052081903035287
230,0.000327275821516858,600.0,3.999852562075188,0.7366305714987927,0.7816830910348951,108.84506412456486,12.592619546645425,0.11569306929925766,0.8946535903605206,97.74107651022622,0.8979835447418086,5.753133441568992,7.897514690609886,cora,5,10005,110005,16,2.052081903035287
240,0.000327275821516858,600.0,3.9998343812367234,0.7431797481530743,0.7887005969753819,117.60072772350671,14.852373146644544,0.1262949084937998,0.8992765374300824,104.44654909561586,0.888145431728808,5.999241853612121,8.11428859607178,cora,5,10005,110005,16,2.052081903035287
250,0.000327275821516858,600.0,3.9998136496925736,0.749367491217164,0.794783214431478,127.14246165423876,17.674634684853725,0.13901441308348678,0.9032686415398191,111.43587346033495,0.8764646524100065,6.263852623871818,8.349861872398302,cora,5,10005,110005,16,2.052081903035287
260,0.000327275821516858,600.0,3.999790100783351,0.7549913978805534,0.8003234113392778,137.50162899827413,21.206324229496378,0.15422598542278035,0.906473864182247,118.61713367814433,0.8626598429581744,6.547938433270235,8.605521054274352,cora,5,10005,110005,16,2.052081903035287
270,0.000327275821516858,600.0,3.999763496416864,0.7600803828304588,0.805196782615406,148.695353478559,25.62015360599481,0.17229962474711144,0.9088500570852063,125.86498348250721,0.8464621155808759,6.852226360974335,8.882358862506848,cora,5,10005,110005,16,2.052081903035287
280,0.000327275821516858,600.0,3.9997336534597903,0.7651404530931487,0.8092801878863132,160.72167535914713,31.110200662753886,0.19356568174911895,0.9104719538873431,133.02041120838052,0.8276445035253296,7.177088726786243,9.181159512182496,cora,5,10005,110005,16,2.052081903035287
290,0.000327275821516858,600.0,3.999700473765025,0.7697957177348234,0.8128807409477656,173.55471530917697,37.881896456854534,0.21827062658234483,0.9115064235393938,139.8954262361349,0.8060594953408202,7.522427986827384,9.502272115288681,cora,5,10005,110005,16,2.052081903035287
300,0.000327275821516858,600.0,3.99966397369083,0.7740317194118753,0.8159050369568583,187.14055204316395,46.135282107824956,0.24652744476880595,0.9121704997708826,146.2842701535132,0.7816813007999076,7.887570357265614,9.845486221837815,cora,5,10005,110005,16,2.052081903035287
310,0.000327275821516858,600.0,3.999624306825679,0.77868698405355,0.8187402227645812,201.39473219996333,56.04158353013771,0.2782673753079819,0.9126872228865783,151.9817278568619,0.754645993947649,8.271188336443664,10.20993006428789,cora,5,10005,110005,16,2.052081903035287
320,0.000327275821516858,600.0,3.9995817725652567,0.7826193815148403,0.8211124492261999,216.2023960461088,67.71519787200025,0.3132028095449916,0.9132514580383506,156.80713616624334,0.7252793633831958,8.671274819261686,10.594015991377999,cora,5,10005,110005,16,2.052081903035287
330,0.000327275821516858,600.0,3.999536804429155,0.786595151006954,0.823652200012768,231.4218019326507,81.18573625228409,0.35081282564687266,0.9140109769594381,160.6300863788046,0.6941009232377847,9.085188221807211,10.995455777259718,cora,5,10005,110005,16,2.052081903035287
340,0.000327275821516858,600.0,3.9994899362286933,0.7905709204990676,0.8262199389258036,246.89150044367992,96.37685886133094,0.39036118573598333,0.9150616862301717,163.39157985846708,0.6617950782624833,9.509777203021365,11.411358729662291,cora,5,10005,110005,16,2.052081903035287
350,0.000327275821516858,600.0,3.9994417506298894,0.793534675938643,0.8278777107221861,262.4406086295787,113.09892357378156,0.4309505459706307,0.9164524634010608,165.11393987390375,0.6291478317174363,9.9415762901425,11.838408384146211,cora,5,10005,110005,16,2.052081903035287
360,0.000327275821516858,600.0,3.999392820822762,0.7957032774797959,0.8294804777945295,277.9007909815895,131.05997711596837,0.4716070675907176,0.9181946539843715,165.89514599324085,0.596958164124949,10.377044845179794,12.273093626424641,cora,5,10005,110005,16,2.052081903035287
370,0.000327275821516858,600.0,3.999343658798759,0.7969755237172722,0.8307172528882342,293.11799123437,149.89467178091095,0.5113799775635705,0.9202725982893002,165.88808589775024,0.5659430361103635,10.812808608918715,12.711954752253927,cora,5,10005,110005,16,2.052081903035287
380,0.000327275821516858,600.0,3.9992946814162873,0.7981031965186716,0.8319460289307341,307.9619414662217,169.20518216314738,0.5494353664532485,0.9226532290951683,165.27046420910932,0.5366587293944461,11.245861584739238,13.151800951113465,cora,5,10005,110005,16,2.052081903035287
390,0.000327275821516858,600.0,3.999246199043009,0.7992742413508941,0.8329832149000493,322.33204249109536,188.60467528265693,0.5851254309843157,0.9252939870259443,164.21407787061094,0.5094562631797535,11.673697404917538,13.58986496546643,cora,5,10005,110005,16,2.052081903035287
400,0.000327275821516858,600.0,3.9991984243321568,0.8004163714959013,0.8341266435707089,336.15913811691826,207.75395165683577,0.6180226211330231,0.9281488505456037,162.86137973308107,0.48447702670048154,12.094358788323431,14.023879116711926,cora,5,10005,110005,16,2.052081903035287
410,0.000327275821516858,600.0,3.9991514938384336,0.8012838121123627,0.8350297169313355,349.40363194625326,226.38514845683184,0.6479187042098502,0.9311724136427193,161.31349280038373,0.4616823583138874,12.506413356603051,14.452076770164101,cora,5,10005,110005,16,2.052081903035287
420,0.000327275821516858,600.0,3.9991054940178934,0.8020211366363545,0.835611940721593,362.05101550129564,244.31094888456505,0.6747970270054131,0.9343220268381072,159.6294282778686,0.4409031364180702,12.908877329376725,14.87313771016775,cora,5,10005,110005,16,2.052081903035287
430,0.000327275821516858,600.0,3.9990604848958333,0.8031777241249693,0.8366567830401253,374.1060780973008,261.4214917144213,0.6987897471327063,0.9375582484039681,157.83327855185678,0.42189445131336817,13.301113022499559,15.286101800944616,cora,5,10005,110005,16,2.052081903035287
440,0.000327275821516858,600.0,3.99901651761185,0.8039584206797843,0.8371920224635216,385.5869252642294,277.67304953781655,0.7201308741149269,0.9408441765490473,155.92526798662166,0.40438421992595175,13.682723166075835,15.690273750289425,cora,5,10005,110005,16,2.052081903035287
450,0.000327275821516858,600.0,3.99897364475104,0.8049270627014992,0.8380588250997139,396.51960551235413,293.07266698496534,0.7391126766765489,0.9441444442770104,153.8931842330853,0.3881098994694993,14.05345824481113,16.085135897734673,cora,5,10005,110005,16,2.052081903035287
460,0.000327275821516858,600.0,3.998931924210457,0.8053607830097298,0.8386013023193168,406.93378595125705,307.662074571995,0.7560494733874151,0.9474245999177701,151.72195726745565,0.37284187871692,14.413145507919776,16.47027883856776,cora,5,10005,110005,16,2.052081903035287
470,0.000327275821516858,600.0,3.9988914182926423,0.806141479564545,0.8393524989383225,416.85961741569344,321.5030562673241,0.7712501831203296,0.9506512808939543,149.40035605391606,0.35839488838021377,14.761641939456695,16.845353411733377,cora,5,10005,110005,16,2.052081903035287
480,0.000327275821516858,600.0,3.9988521899751244,0.806820974714106,0.8400778303919819,426.32572230924586,334.6654607137753,0.7849994574594715,0.9537931730919783,146.92467357450363,0.34463009357884394,15.098809068457932,17.210043015024176,cora,5,10005,110005,16,2.052081903035287
490,0.000327275821516858,600.0,3.9988142981173644,0.8072113229915135,0.8404077195024537,435.3581199168381,347.21831903156453,0.7975464408425184,0.9568224192961584,144.299838129633,0.33145089416776485,15.424505027141198,17.564052488098707,cora,5,10005,110005,16,2.052081903035287
500,0.000327275821516858,600.0,3.998777792936438,0.8069510908065751,0.8401908096003675,443.9798559120553,359.22403278037206,0.8090998454027339,0.9597160085696926,141.53866921589795,0.31879525012489374,15.738588386381394,17.907108660969357,cora,5,10005,110005,16,2.052081903035287
510,0.000327275821516858,600.0,3.9987427125689274,0.8067631453396753,0.8403449531851328,452.2111038599985,370.7352672735703,0.8198278726661861,0.9624567454781453,138.66005399879216,0.30662682277196,16.040928555183445,18.238967694381778,cora,5,10005,110005,16,2.052081903035287
520,0.000327275821516858,600.0,3.998709081058031,0.8061414795645448,0.8402806924449984,460.0695375434496,381.79399314359875,0.8298614926391243,0.965033585482782,135.6867243373665,0.29492655623727765,16.331418473648725,18.559425106510062,cora,5,10005,110005,16,2.052081903035287
530,0.000327275821516858,600.0,3.9986769077369604,0.8059390767540372,0.8404694004844057,467.5708183837991,392.4320447102561,0.8392996938233507,0.9674413306117245,132.64313391349745,0.2836856550885499,16.60998656551823,18.868325497509634,cora,5,10005,110005,16,2.052081903035287
540,0.000327275821516858,600.0,3.9986461877522057,0.8060691928465064,0.8414626927675178,474.72909047048006,402.6725886803586,0.8482155333714437,0.9696798330171509,129.55373189870278,0.27290034358397675,16.876606147870586,19.16557014297257,cora,5,10005,110005,16,2.052081903035287
550,0.000327275821516858,600.0,3.9986169033747534,0.8061270222209371,0.8415552113951232,481.5574190314899,412.53199334049975,0.8566621072315439,0.9717529234437183,126.44174917212501,0.2625683753900524,17.131301530437216,19.45112162628717,cora,5,10005,110005,16,2.052081903035287
560,0.000327275821516858,600.0,3.998589025751669,0.80635833971866,0.8419864757862123,488.06814242998007,422.0217226839849,0.8646778717882198,0.973667275837757,123.32848068303282,0.2526870122458893,17.374150786469276,19.725005417972717,cora,5,10005,110005,16,2.052081903035287
570,0.000327275821516858,600.0,3.9985625168139824,0.8065751998727753,0.8423277467260585,494.27313173847836,431.15001946346877,0.8722910305624133,0.9754313672561261,120.23296982366386,0.24325208493687564,17.60528563403715,19.987308770333062,cora,5,10005,110005,16,2.052081903035287
580,0.000327275821516858,600.0,3.9985373311431167,0.8065607425291678,0.8423812291134125,500.1839664393943,439.9232621662966,0.8795229189330696,0.9770546248042252,117.17197095250503,0.23425775077638838,17.82488907633578,20.238177516208243,cora,5,10005,110005,16,2.052081903035287
590,0.000327275821516858,600.0,3.9985134176811616,0.8070812068990445,0.8430637727448578,505.8120417600212,448.34697091743783,0.8863904650379059,0.9785467907535558,114.1600708652805,0.22569662530779153,18.033191480891897,20.477811405227428,cora,5,10005,110005,16,2.052081903035287
600,0.000327275821516858,600.0,3.9984907212360277,0.8067631453396753,0.8431593826979104,511.1686248505106,456.42649407467945,0.8929078818328486,0.9799174940139359,111.20987414350401,0.21756005501321005,18.230465700846366,20.70645854725812,cora,5,10005,110005,16,2.052081903035287
0,0.000327275821516858,600.0,3.999990428258294,0.5928667466639679,0.590634312989974,455.1559162570366,1.3232941033534236,0.0029073424206709207,0.012340132223589815,455.14151003938457,0.999968348829187,2.9613347532039382,5.647920038844684,cora,6,10006,110006,16,2.5457695180084556
1,0.000327275821516858,600.0,3.999984097283054,0.5899174485680002,0.5902798171729957,302.58752681947055,1.3301587260669896,0.004395946984492151,0.05662032206451404,302.51512779629786,0.9997607336167036,2.9661620666344266,5.651775463591063,cora,6,10006,110006,16,2.5457695180084556
10,0.000327275821516858,600.0,3.999978056285427,0.5978256155214041,0.5979129165692876,29.67685551911046,1.4101335081926802,0.04751627096356696,0.8308868274321016,28.51599166086116,0.9608831920382616,3.0196231434872836,5.69075445155495,cora,6,10006,110006,16,2.5457695180084556
20,0.000327275821516858,600.0,3.999976646913225,0.6054880076334774,0.6063998123785861,29.972429869618754,1.5078113826834467,0.05030661141730869,0.8597317093159996,28.6864555333065,0.9570947586863563,3.082227353920085,5.736662784748932,cora,6,10006,110006,16,2.5457695180084556
30,0.000327275821516858,600.0,3.9999751169863824,0.6140756697364427,0.6154579998465912,31.313431578732015,1.614921188326992,0.051572795024606675,0.8600511054160098,29.935857988299396,0.9560069426766927,3.147837840880009,5.7851095381640745,cora,6,10006,110006,16,2.5457695180084556
40,0.000327275821516858,600.0,3.9999734491471632,0.622244068874785,0.6250414885545669,32.75154105838275,1.7326192758740935,0.052901916059019456,0.8602741780619539,31.273491297552837,0.9548708331557545,3.216655277446749,5.836283370639512,cora,6,10006,110006,16,2.5457695180084556
50,0.000327275821516858,600.0,3.9999716269809147,0.630470297387558,0.6348752583157394,34.29594905724211,1.8622466050124922,0.05429931686404959,0.8604297406884865,32.70738549526082,0.9536807230693667,3.2889022910236108,5.890391867490323,cora,6,10006,110006,16,2.5457695180084556
60,0.000327275821516858,600.0,3.999969631671912,0.6393326490190692,0.6458012206508674,35.95719103413674,2.0053583053406983,0.055770716445477285,0.8605347576503317,34.24674875836624,0.9524311486359806,3.364822823391907,5.947663628637571,cora,6,10006,110006,16,2.5457695180084556
70,0.000327275821516858,600.0,3.999967441595753,0.6476022495626652,0.6578556614640567,37.74703912037543,2.1637670149442076,0.05732282757447405,0.8606110181438267,35.90179196676564,0.9511154464930272,3.444684579899827,6.008350856016715,cora,6,10006,110006,16,2.5457695180084556
80,0.000327275821516858,600.0,3.999965031838966,0.6563344851017074,0.6681116613982545,39.6786461101333,2.339597632912687,0.05896364574584592,0.8606864648553759,37.68381705595395,0.9497253749877846,3.5287818181628086,6.0727322867753575,cora,6,10006,110006,16,2.5457695180084556
90,0.000327275821516858,600.0,3.9999623736324836,0.6647486590813805,0.6779676445891291,41.76670079770096,2.535357159804441,0.06070283530615852,0.8607964759370847,39.605300421454835,0.9482506318438946,3.6174384587173103,6.141116509270603,cora,6,10006,110006,16,2.5457695180084556
100,0.000327275821516858,600.0,3.999959433685148,0.6739579869594761,0.6893817323061882,44.027593523123485,2.754024849818522,0.06255224574952288,0.8609851193924881,41.67996446441903,0.9466782335611537,3.711011531191207,6.213845696222478,cora,6,10006,110006,16,2.5457695180084556
110,0.000327275821516858,600.0,3.999956173402509,0.6831962295247872,0.7008547887685839,46.479589575185415,2.9991700065224833,0.06452660262137264,0.8613061966724589,43.922827450054044,0.9449917232811286,3.809894957544776,6.291299782248698,cora,6,10006,110006,16,2.5457695180084556
120,0.000327275821516858,600.0,3.9999525479761537,0.692853735054721,0.7119983434594372,49.1430066036401,3.27510775464389,0.06664443185291999,0.8618237789444687,46.350217853822464,0.9431701692095743,3.9145236534419316,6.373901099087773,cora,6,10006,110006,16,2.5457695180084556
130,0.000327275821516858,600.0,3.9999485053302557,0.7020630629328167,0.7218342071778734,52.0403901468,3.5871073604357475,0.06892929415626838,0.862611793058044,48.97973410762566,0.9411869121169042,4.025377897081299,6.462119457776558,cora,6,10006,110006,16,2.5457695180084556
140,0.000327275821516858,600.0,3.999943984916028,0.711243476123697,0.7328945803868776,55.19667861425731,3.941673574111785,0.07141142679359787,0.8637520404405621,51.83012386807859,0.9390080194914275,4.142987867409935,6.556477628286588,cora,6,10006,110006,16,2.5457695180084556
150,0.000327275821516858,600.0,3.999938916352762,0.7204817186890081,0.7433036987198132,58.639345373424945,4.346929472577089,0.07412991132310791,0.8653298602920741,54.9210484011927,0.9365904078813717,4.267938184813233,6.657557107469794,cora,6,10006,110006,16,2.5457695180084556
160,0.000327275821516858,600.0,3.9999332179282616,0.729864534690396,0.7536252564199732,62.398500740138495,4.813139695650428,0.07713550227264235,0.8674265474982633,58.2726873649121,0.9338796072615825,4.400872190008315,6.766003977627479,cora,6,10006,110006,16,2.5457695180084556
170,0.000327275821516858,600.0,3.9999267949946167,0.7382064219520306,0.7622458034894557,66.50693042940031,5.353425615223987,0.08049425196231025,0.8701077364851564,61.90512748851094,0.9308071668444484,4.542495562700432,6.882534530751576,cora,6,10006,110006,16,2.5457695180084556
180,0.000327275821516858,600.0,3.999919538331078,0.7463603637467652,0.7694929024708789,71.00003918984125,5.9847375297221275,0.08429203135677184,0.8734074719794322,65.83746640724557,0.9272877474223374,4.693578701982358,7.0079401562712365,cora,6,10006,110006,16,2.5457695180084556
190,0.000327275821516858,600.0,3.9999113225987215,0.7540082985152308,0.7770912546928588,75.9156588765247,6.729159895540283,0.0886399458968686,0.8773088649352591,70.08655243455796,0.9232160198800663,4.854957058382114,7.143090751847544,cora,6,10006,110006,16,2.5457695180084556
200,0.000327275821516858,600.0,3.9999020050858345,0.7619164654686348,0.7852854700559411,81.29366937952418,7.6156267262433905,0.0936804401175373,0.8817242636960566,74.66527650835846,0.9184636033561152,5.027528320982291,7.288935609627687,cora,6,10006,110006,16,2.5457695180084556
210,0.000327275821516858,600.0,3.9998914250415534,0.7697957177348235,0.7928847393564997,87.17536947857445,8.68210358265219,0.09959353925980245,0.8864805860765217,79.5803409572365,0.9128764401370891,5.2122450317297115,7.446500356095762,cora,6,10006,110006,16,2.5457695180084556
220,0.000327275821516858,600.0,3.9998794040163377,0.7774581098468967,0.800515022778082,93.6025246836421,9.978233373195605,0.10660218201293231,0.8913179069087755,84.8294618806868,0.906273224652791,5.410100853938736,7.61687810360881,cora,6,10006,110006,16,2.5457695180084556
230,0.000327275821516858,600.0,3.9998657477602793,0.7842241466552935,0.8072518861851867,100.61601379529071,11.568327744324499,0.11497501548670923,0.8959095971464669,90.39803271332472,0.8984457772024732,5.622108429401313,7.801212562114567,cora,6,10006,110006,16,2.5457695180084556
240,0.000327275821516858,600.0,3.9998502503458604,0.7898914253495063,0.8124423820285963,108.25400066327059,13.534403507880794,0.1250245111031067,0.8999078677135959,96.25540362179629,0.8891625531808609,5.849266636573911,8.00067057101259,cora,6,10006,110006,16,2.5457695180084556
250,0.000327275821516858,600.0,3.9998327012271333,0.7948069221761194,0.8164562777855243,116.5495801730455,15.978721551537461,0.1370980618532753,0.9030087237997437,102.35113037454211,0.8781767400841562,6.092515294673857,8.216401527917077,cora,6,10006,110006,16,2.5457695180084556
260,0.000327275821516858,600.0,3.9998128958379233,0.7999826511876709,0.8207282173876649,125.5278975198569,19.02501662996088,0.15156006756945298,0.9050185440715424,108.61181993334631,0.8652404929841617,6.352676193483922,8.44948177859885,cora,6,10006,110006,16,2.5457695180084556
270,0.000327275821516858,600.0,3.999790649957818,0.8052595816044761,0.8238374556984909,135.2028270054099,22.817368029760566,0.1687639861912619,0.9058984010314632,114.93951935599974,0.8501265979549425,6.630381043004471,8.700843510917645,cora,6,10006,110006,16,2.5457695180084556
280,0.000327275821516858,600.0,3.9997658173324036,0.8114184099813502,0.8285552931135152,145.57342616147787,27.515533901650937,0.18901481284866667,0.905768411022842,121.21287448249072,0.8326579766559515,6.925989737835382,8.971190349696489,cora,6,10006,110006,16,2.5457695180084556
290,0.000327275821516858,600.0,3.999738308895052,0.8161025893102399,0.8324738399306537,156.62054640280454,33.285667895174235,0.21252427385592496,0.9048712951017145,127.29236384777676,0.812743709375141,7.239506176179333,9.260905746314519,cora,6,10006,110006,16,2.5457695180084556
300,0.000327275821516858,600.0,3.999708110555116,0.8202663042692536,0.8363137789317721,168.3041550404165,40.28580941069183,0.2393631304052928,0.9035116503780953,133.03056329723776,0.7904175821761016,7.570503230209543,9.569964982154879,cora,6,10006,110006,16,2.5457695180084556
310,0.000327275821516858,600.0,3.999675295326386,0.8235336639245904,0.8390990038845085,180.5620500654272,48.64654872734002,0.26941734827286684,0.9019945366077509,138.28739892772796,0.7658718921147556,7.918072109170938,9.897866012327382,cora,6,10006,110006,16,2.5457695180084556
320,0.000327275821516858,600.0,3.9996400252767668,0.8265841634258121,0.8418094590818808,193.31064983152257,58.44885134261827,0.30235711997015485,0.9005816332846932,142.9486560946979,0.7394763621108458,8.280812416990292,10.243596559210447,cora,6,10006,110006,16,2.5457695180084556
330,0.000327275821516858,600.0,3.999602540119365,0.8294756321473492,0.8438069101054502,206.4483363034671,69.70289722695948,0.3376287669594017,0.8994715711896955,146.94397834836508,0.7117711916668873,8.65687569313008,10.605652628291045,cora,6,10006,110006,16,2.5457695180084556
340,0.000327275821516858,600.0,3.999563132496593,0.8321646980583788,0.8462633713989919,219.86139040387152,82.33323621064004,0.374477920199627,0.8988008109229109,150.25907079024014,0.6834263647392737,9.044066117177366,10.982115560347488,cora,6,10006,110006,16,2.5457695180084556
350,0.000327275821516858,600.0,3.9995221143956647,0.8342031835070624,0.8484241535961623,233.43194422832545,96.1756164357848,0.41200709163315324,0.8986564649955837,152.93697298651531,0.6551672843752865,9.439988550435956,11.370781604559033,cora,6,10006,110006,16,2.5457695180084556
360,0.000327275821516858,600.0,3.9994797828896655,0.8362850409865691,0.8501258573720932,247.04676365390762,110.98882517494853,0.44926241304838477,0.8990923267738329,155.06587116601432,0.627678213114538,9.842220114698684,11.769323419309435,cora,6,10006,110006,16,2.5457695180084556
370,0.000327275821516858,600.0,3.999436394471738,0.8387572467434834,0.8521438624752857,260.6053055872031,126.48101242816895,0.4853355235542056,0.9001418551821482,156.75553910575408,0.6015055555087344,10.248472630624425,12.175452470440888,cora,6,10006,110006,16,2.5457695180084556
380,0.000327275821516858,600.0,3.999392154653978,0.8404342986019748,0.8534310689890181,274.0255561694488,142.34558094922158,0.5194609690389591,0.9018250004991549,158.10916525972897,0.5769869331529035,10.656713958371641,12.58704993326048,cora,6,10006,110006,16,2.5457695180084556
390,0.000327275821516858,600.0,3.9993472241944104,0.8424149546762277,0.8557109308720514,287.24667366467077,158.29869856827847,0.5510897534468057,0.9041484995107752,159.1994479602713,0.5542255578775451,11.06522726799218,13.002242757815624,cora,6,10006,110006,16,2.5457695180084556
400,0.000327275821516858,600.0,3.9993017377559834,0.8444389827813038,0.8574326187995158,300.2282579315093,174.1101619423747,0.5799259641379069,0.90710127704752,160.05600620170523,0.5331143953751969,11.472604536398283,13.419417661217421,cora,6,10006,110006,16,2.5457695180084556
410,0.000327275821516858,600.0,3.999255827427526,0.8463039801066953,0.8587520954772425,312.9468575342784,189.62172403739606,0.6059230807793812,0.9106478161141118,160.66635566038403,0.5133982073706733,11.877687483637374,13.837182605115823,cora,6,10006,110006,16,2.5457695180084556
420,0.000327275821516858,600.0,3.99920964336218,0.8475906836877793,0.8595337470633136,325.3908471917861,204.75086171222065,0.6292459160399801,0.9147227816442415,160.98768431065616,0.49475172918975696,12.279479902566,14.254296839013803,cora,6,10006,110006,16,2.5457695180084556
430,0.000327275821516858,600.0,3.9991633661542285,0.848747271176394,0.8604173416461722,337.55494704809155,219.48168044895624,0.6502102320476039,0.9192297644519366,160.96386453697818,0.47685233454465004,12.677057485940034,14.669594001819293,cora,6,10006,110006,16,2.5457695180084556
440,0.000327275821516858,600.0,3.999117208955297,0.849629169136463,0.861421565912469,349.43545581118036,233.84709058890854,0.669213975571126,0.9240457899518394,160.54216083272325,0.45943294580694527,13.069496090106385,15.08191888126123,cora,6,10006,110006,16,2.5457695180084556
450,0.000327275821516858,600.0,3.9990714103431255,0.8503375789732395,0.8621549479796696,361.0268738239038,247.90723256976702,0.6866725181535583,0.9290314627452988,159.68590395773637,0.4423102974755988,13.45583029241161,15.49009029908369,cora,6,10006,110006,16,2.5457695180084556
460,0.000327275821516858,600.0,3.9990262208757485,0.8502363775679855,0.8623666537629395,372.3201548355118,261.7286873840275,0.7029667451112263,0.9340448096804655,158.38158283593563,0.42539083844630277,13.835044639554996,15.892893631748528,cora,6,10006,110006,16,2.5457695180084556
470,0.000327275821516858,600.0,3.998981886983058,0.8498749439777935,0.8627132121118244,383.30245982660074,275.36780777643423,0.7184086632290483,0.9389556854126793,156.64048369895457,0.4086602621068906,14.20609257903268,16.289099166246018,cora,6,10006,110006,16,2.5457695180084556
480,0.000327275821516858,600.0,3.9989386355963172,0.8497303705417167,0.863191471795158,393.95804826128153,288.8600074835079,0.7332252983747388,0.9436574896837026,154.49598643290938,0.39216354917680035,14.567933758160615,16.67749800180229,cora,6,10006,110006,16,2.5457695180084556
490,0.000327275821516858,600.0,3.9988966620326085,0.8498894013214012,0.8637363685405541,404.2698398096826,302.2153784402653,0.74755855787446,0.9480739352069331,151.9980568956333,0.375981688288172,14.919579126126665,17.056945648117505,cora,6,10006,110006,16,2.5457695180084556
500,0.000327275821516858,600.0,3.9988561224773655,0.8496869985108935,0.863535533025546,414.2211915478741,315.41980105934846,0.7614767363318093,0.9521602262453294,149.20653076126035,0.36020979564976124,15.260134418381968,17.426404290888073,cora,6,10006,110006,16,2.5457695180084556
510,0.000327275821516858,600.0,3.9988171312524434,0.8496580838236782,0.8636679973336845,423.7975260766225,328.4399319897278,0.774992565507204,0.9558995567257509,146.18457939588868,0.3449396714256858,15.58883521526595,17.78497704412691,cora,6,10006,110006,16,2.5457695180084556
520,0.000327275821516858,600.0,3.99877976216011,0.8488629299252556,0.8637952238488446,432.9875752915123,341.2301692969523,0.7880830508062878,0.9592967617817795,142.9933569114652,0.33024817586323074,15.905069915847955,18.13193048405916,cora,6,10006,110006,16,2.5457695180084556
530,0.000327275821516858,600.0,3.9987440526877873,0.8481256054012636,0.8634186859872244,441.78413704263596,353.7398629210893,0.8007074796507471,0.9623710962885026,139.68834237137372,0.316191394526899,16.208389883135773,18.466704589320383,cora,6,10006,110006,16,2.5457695180084556
540,0.000327275821516858,600.0,3.9987100097504493,0.8472581647848025,0.8632543929094041,450.18435156709376,365.9195113212337,0.8128214809054696,0.9651496654339949,136.3174266640864,0.30280356522736707,16.49850819672266,18.78891137581234,cora,6,10006,110006,16,2.5457695180084556
550,0.000327275821516858,600.0,3.9986776158396222,0.8465063829172029,0.8632663622316692,458.1895776999514,377.7252700548058,0.8243864296323251,0.9676623458699384,132.92045103906887,0.2900992460507531,16.77528969660344,19.09832478862111,cora,6,10006,110006,16,2.5457695180084556
560,0.000327275821516858,600.0,3.998646834793531,0.8456389423007418,0.8631220892137758,465.8049837271436,389.12162494082804,0.835374541996668,0.9699384101443748,129.52973387651167,0.2780771747869207,17.038735382721857,19.394864838973906,cora,6,10006,110006,16,2.5457695180084556
570,0.000327275821516858,600.0,3.9986176167660075,0.8448004163714959,0.8629028330546835,473.03897121424706,400.0824510434287,0.8457705926775002,0.9720046533292876,126.17111240672367,0.26672456200142275,17.288963979334245,19.678578764000182,cora,6,10006,110006,16,2.5457695180084556
580,0.000327275821516858,600.0,3.9985899022634466,0.8435137127904119,0.8625577443322842,479.90253318472196,410.59086526428706,0.8555713647509425,0.9738846345584893,122.86512264559968,0.2560209920757117,17.526192865336576,19.94962141479252,cora,6,10006,110006,16,2.5457695180084556
590,0.000327275821516858,600.0,3.9985636253056422,0.842501698737874,0.8624986200251518,486.40862160473046,420.638316165117,0.8647838411608989,0.9755986278954185,119.6280786534493,0.24594152599265087,17.75071986060864,20.208236389687823,cora,6,10006,110006,16,2.5457695180084556
600,0.000327275821516858,600.0,3.998538715855205,0.841576428746982,0.8624176982518617,492.5715717178135,430.22329491756415,0.8734229087098682,0.9771639493542007,116.47294056800698,0.23645891735451693,17.962906713552044,20.45473879502748,cora,6,10006,110006,16,2.5457695180084556
0,0.000327275821516858,600.0,3.9999954686077643,0.5815032745883272,0.5902742529483485,550.782353678351,1.2583710652573048,0.002284697497756392,0.0003432383205795471,550.783359254874,1.0000018257239294,2.917766117139087,5.6246508712865895,cora,7,10007,110007,16,3.4011033029528335
1,0.000327275821516858,600.0,3.9999862036084277,0.5837007908166953,0.5969449999884786,365.15819796101846,1.2653785030023215,0.003465288497062316,0.038044293292269535,365.1122470897212,0.999874161742626,2.922684197225089,5.628371112817998,cora,7,10007,110007,16,3.4011033029528335
10,0.000327275821516858,600.0,3.9999778567671527,0.5904379129378768,0.6037937051967551,30.70511446973863,1.344506943873065,0.04378771963863354,0.826337832468724,29.603782664333785,0.9641319752613117,2.9771513658146103,5.667761731583529,cora,7,10007,110007,16,3.4011033029528335
20,0.000327275821516858,600.0,3.9999763681722187,0.5984183666093192,0.6143515591681276,30.738829817848263,1.4421229011051075,0.046915348100458595,0.8634574029403319,29.502587620046576,0.959782392331543,3.041539189253793,5.71443478195086,cora,7,10007,110007,16,3.4011033029528335
30,0.000327275821516858,600.0,3.999974746578787,0.6066879671529153,0.6239931064986899,32.18335517108761,1.5496225603825475,0.04814981384460106,0.8634859533851116,30.855178581014087,0.9587309470062118,3.1091694818049254,5.763820431174539,cora,7,10007,110007,16,3.4011033029528335
40,0.000327275821516858,600.0,3.999972970692671,0.615347915973919,0.6341754223648572,33.740575744249135,1.6682925024569848,0.04944469576045497,0.8633840670817895,32.311164350695286,0.9576352400033517,3.1802737283003646,5.816132421646798,cora,7,10007,110007,16,3.4011033029528335
50,0.000327275821516858,600.0,3.999971020754944,0.6235886018302996,0.6456858429196344,35.422424425131425,1.7996340745301718,0.05080493793793999,0.8631774433578319,33.88120712137913,0.9564903495803964,3.2551073948096985,5.871607896318373,cora,7,10007,110007,16,3.4011033029528335
60,0.000327275821516858,600.0,3.9999688738140238,0.6319015744047188,0.656253782106651,37.24280372973575,1.9454098100967743,0.05223585807916771,0.862890948729984,35.57771506022085,0.9552909957693264,3.333952966617109,5.930510333861346,cora,7,10007,110007,16,3.4011033029528335
70,0.000327275821516858,600.0,3.999966503116972,0.6405036938512918,0.6678230771171787,39.21747052279921,2.107703752934972,0.0537440004375002,0.86255951306092,37.41465119243492,0.954030198624967,3.4171236302320853,5.993133264314606,cora,7,10007,110007,16,3.4011033029528335
80,0.000327275821516858,600.0,3.9999638773779886,0.6488455811129263,0.6794890310172051,41.364275827871225,2.289000510738829,0.0553376183899369,0.862230785603427,39.40768839221652,0.9526986174302523,3.504967479465421,6.0598045713559525,cora,7,10007,110007,16,3.4011033029528335
90,0.000327275821516858,600.0,3.999960959899368,0.6567826627535456,0.6920644523813128,43.70342425874138,2.4922905358220446,0.057027351474033455,0.8619679466822341,41.57435381807668,0.9512836699463235,3.5978723024818833,6.130891459188706,cora,7,10007,110007,16,3.4011033029528335
100,0.000327275821516858,600.0,3.99995770751865,0.6649366045482803,0.7034372602637323,46.25774956641283,2.7212126286082117,0.05882717283298299,0.8618523222723484,43.934147614341036,0.9497683745134257,3.696270988566049,6.2068061594135795,cora,7,10007,110007,16,3.4011033029528335
110,0.000327275821516858,600.0,3.9999540693540303,0.672945972906938,0.715757280528598,49.05300032228041,2.9802498941935056,0.060755710652011706,0.8619852004408401,46.50861376174738,0.948129848453381,3.8006475687373005,6.288012441029325,cora,7,10007,110007,16,3.4011033029528335
120,0.000327275821516858,600.0,3.999949985320737,0.6806806517370498,0.7262904850298386,52.11812616308235,3.275003136146261,0.06283808297133474,0.862487883272481,49.32133144680094,0.9463373892697142,3.911543861373882,6.37503295895124,cora,7,10007,110007,16,3.4011033029528335
130,0.000327275821516858,600.0,3.999945384395667,0.6883575011927309,0.7372090455073409,55.48555007337208,3.612576969765903,0.06510842850055126,0.8634985454733035,52.39778268849317,0.9443500626596337,4.029566623692162,6.468457424406307,cora,7,10007,110007,16,3.4011033029528335
140,0.000327275821516858,600.0,3.999940182619206,0.6965692723618963,0.7473679248275464,59.19140544881613,4.002129934058032,0.06761336217162044,0.8651639836441631,55.76503561305221,0.9421137273260599,4.155395000231881,6.5689514918354375,cora,7,10007,110007,16,3.4011033029528335
150,0.000327275821516858,600.0,3.9999342808459852,0.7046364700949846,0.756548489594398,63.275707652898284,4.455661475583465,0.07041662023007621,0.8676240323356894,59.45116234676671,0.9395574471152296,4.289787894692858,6.677266114488335,cora,7,10007,110007,16,3.4011033029528335
160,0.000327275821516858,600.0,3.9999275622967647,0.7125735517356041,0.76508239748675,67.7824178836388,4.98913555525488,0.07360515766521733,0.8709867232870611,63.48428631113786,0.936589285146489,4.433590652173465,6.794246902508038,cora,7,10007,110007,16,3.4011033029528335
170,0.000327275821516858,600.0,3.999919890029899,0.7204094319709696,0.7728598253444336,72.75934189016583,5.624069368812855,0.07729686968998006,0.875293890846189,67.89112748102568,0.9330915552192737,4.58774010335645,6.920842695933899,cora,7,10007,110007,16,3.4011033029528335
180,0.000327275821516858,600.0,3.9999111045535414,0.7279995373650046,0.7805174505032716,78.25778717966847,6.389736678648117,0.0816498512023885,0.8804807577510697,72.69489030846705,0.9289157402517679,4.753266570292762,7.058112111568234,cora,7,10007,110007,16,3.4011033029528335
190,0.000327275821516858,600.0,3.9999010219498845,0.7363992540010698,0.7889862725010789,84.33188028398057,7.32612918792724,0.08687259389043754,0.8863394684353777,77.91232650717328,0.923877497392564,4.931290854983379,7.207226213048019,cora,7,10007,110007,16,3.4011033029528335
200,0.000327275821516858,600.0,3.99988943308837,0.7433243215891512,0.7961050477817341,91.0374222630058,8.487755766603863,0.09323370055539204,0.8925040597534052,83.54981984984396,0.9177524777499712,5.1230135426843475,7.369464683911462,cora,7,10007,110007,16,3.4011033029528335
210,0.000327275821516858,600.0,3.9998761047628095,0.7495265219968483,0.8022601864242982,98.43014024047929,9.94820245698387,0.1010686608053077,0.8984778943849062,89.59840850804895,0.9102741120671664,5.3296932197481794,7.546201997275393,cora,7,10007,110007,16,3.4011033029528335
220,0.000327275821516858,600.0,3.9998607838692144,0.7553239167835303,0.8079908079536653,106.56318364302436,11.805102294976779,0.11078030790186083,0.9037161450833956,96.02781938655204,0.9011350459295144,5.552609589479969,7.738879205643274,cora,7,10007,110007,16,3.4011033029528335
230,0.000327275821516858,600.0,3.9998432059714584,0.7613815437551505,0.8133076715115095,115.48372962007542,14.184783162137734,0.12282927827845183,0.9077511539688771,102.77988312276177,0.8899944906602216,5.793007264359326,7.948956398155257,cora,7,10007,110007,16,3.4011033029528335
240,0.000327275821516858,600.0,3.9998231096336427,0.7669909930749325,0.8181194987079329,125.22862271213272,17.24542312677865,0.13771151317715352,0.9103172020130197,109.76216573219378,0.8764942339460827,6.052016687767087,8.177841067240536,cora,7,10007,110007,16,3.4011033029528335
250,0.000327275821516858,600.0,3.9998002574995217,0.772528155676676,0.8224381403351511,135.81910349393164,21.177110270053856,0.15592144054315632,0.9114182026455385,116.84329029045098,0.860286125328986,6.330550820781808,8.426789279580152,cora,7,10007,110007,16,3.4011033029528335
260,0.000327275821516858,600.0,3.9997744639853128,0.7781665196836732,0.826695225307188,147.25490137980296,26.196845728556788,0.17790134985720665,0.9113057131741049,123.85212744055252,0.8410730391996291,6.629180571031414,8.69678044714646,cora,7,10007,110007,16,3.4011033029528335
270,0.000327275821516858,600.0,3.999745627408313,0.7835880235365554,0.8304921142466191,159.508282048677,32.53638658023358,0.20397929287649455,0.9103825931458025,130.58353349593338,0.818663030024255,6.947998775591808,8.98837320525511,cora,7,10007,110007,16,3.4011033029528335
280,0.000327275821516858,600.0,3.999713761509278,0.7883589469270917,0.834059513396058,172.51901262821647,40.42123662398774,0.23430018528506588,0.9090828498397312,136.81312628250274,0.7930321661261709,7.286491319529996,9.30155915033623,cora,7,10007,110007,16,3.4011033029528335
290,0.000327275821516858,600.0,3.9996790184001294,0.7932455290664894,0.8374463299633395,186.19153441091632,50.04057102797098,0.2687585726509654,0.9077774693739243,142.3221120318988,0.7643855156045941,7.643442563573145,9.635641089266207,cora,7,10007,110007,16,3.4011033029528335
300,0.000327275821516858,600.0,3.9996416935451338,0.7975682748051873,0.8399087627911804,200.3957387972264,61.510774916143184,0.3069465213448667,0.906729304227129,146.9300348115019,0.7331993968203855,8.016906739561668,9.989169076151093,cora,7,10007,110007,16,3.4011033029528335
310,0.000327275821516858,600.0,3.9996022054059184,0.8016452457025547,0.8430155919036357,214.97242603198882,74.83919509267301,0.34813392803008425,0.9060923874255492,150.528940721866,0.7002244124996135,8.404272490472673,10.359965594381078,cora,7,10007,110007,16,3.4011033029528335
320,0.000327275821516858,600.0,3.999561048898961,0.8047969466090301,0.8453558265098474,229.7436714799772,89.89810866354283,0.3912974319790032,0.9059373070582726,153.10856654564597,0.6664321396073354,8.802431021070884,10.74525667722327,cora,7,10007,110007,16,3.4011033029528335
330,0.000327275821516858,600.0,3.999518731387967,0.8081365929824054,0.8478990372389967,244.5270419066064,106.4194538520395,0.4352052559188316,0.9062840284347642,154.7615627184007,0.6329016272053447,9.208031166079284,11.1418993103349,cora,7,10007,110007,16,3.4011033029528335
340,0.000327275821516858,600.0,3.999475708209429,0.8109413176422964,0.8494962617998908,259.1513024139883,124.01675959173183,0.4785496288713143,0.9071297175600022,155.6627127425784,0.6006634398229294,9.61777577299827,11.546665149969549,cora,7,10007,110007,16,3.4011033029528335
350,0.000327275821516858,600.0,3.999432336556695,0.8132689499631338,0.8513626777513782,273.4705138325359,142.23247302331092,0.5201016776178263,0.9084659308349987,156.02599975458662,0.5705404855827771,10.028696163665265,11.956519629131794,cora,7,10007,110007,16,3.4011033029528335
360,0.000327275821516858,600.0,3.9993888598160248,0.814960459165233,0.8529118222983436,287.37367798851415,160.59990500893198,0.5588539149899139,0.9102845956809132,156.05355958737704,0.5430335884611334,10.438345261213234,12.368835207100231,cora,7,10007,110007,16,3.4011033029528335
370,0.000327275821516858,600.0,3.99934542236046,0.8154809235351096,0.8534974705947161,300.7883284220235,178.70381939848394,0.5941181971254952,0.9125752937787507,155.89463430009093,0.5182868468265887,10.8448753342349,12.781499478738677,cora,7,10007,110007,16,3.4011033029528335
380,0.000327275821516858,600.0,3.9993021039497787,0.8158568144689093,0.8538886164259167,313.67817444158663,196.22492058700763,0.6255612808775408,0.9153179104612468,155.62738143829617,0.4961371052204884,11.247002074714533,13.192913120116637,cora,7,10007,110007,16,3.4011033029528335
390,0.000327275821516858,600.0,3.99925895850045,0.8165218522748632,0.8545127021600996,326.03637150293605,212.96012386290298,0.6531790391397643,0.9184750546311692,155.26506187451943,0.47622006452467597,11.643887154608443,13.601903697842854,cora,7,10007,110007,16,3.4011033029528335
400,0.000327275821516858,600.0,3.999216044731271,0.8168832858650551,0.8550625592360904,337.87670199764926,228.81883314173342,0.6772258394523023,0.9219879055152085,154.77805752461455,0.4580903525147212,12.034985462019169,14.007597511145166,cora,7,10007,110007,16,3.4011033029528335
410,0.000327275821516858,600.0,3.9991734428036567,0.8166375110237246,0.855482303621033,349.2248283616474,243.80178444177267,0.6981227124816521,0.925777473236771,154.11967087645394,0.4413193403215076,12.419899509926644,14.409290429674215,cora,7,10007,110007,16,3.4011033029528335
420,0.000327275821516858,600.0,3.9991312574827913,0.8164351082132169,0.8557325764225785,360.1111025439098,257.97157678287283,0.7163666295221134,0.9297511248729321,153.2465431614736,0.4255535085669502,12.798268463151654,14.806345689545031,cora,7,10007,110007,16,3.4011033029528335
430,0.000327275821516858,600.0,3.9990896121173405,0.8159001864997325,0.855659646051173,370.56557869678386,271.42317211701345,0.7324565143680172,0.9338123574452868,152.12999109450615,0.41053459857097757,13.169701606174366,15.198130168896402,cora,7,10007,110007,16,3.4011033029528335
440,0.000327275821516858,600.0,3.999048638578363,0.8152062340065637,0.8551587408707874,380.6151861672681,284.25988491385897,0.7468432559833172,0.9378708892322878,150.75905280504182,0.39609311000740804,13.533752348217776,15.583987280178341,cora,7,10007,110007,16,3.4011033029528335
450,0.000327275821516858,600.0,3.9990084672026103,0.8147002269802947,0.8548409443882812,390.2826128371576,296.57722397458974,0.7599037574813364,0.9418504530883725,149.13817761803742,0.3821286747413064,13.889921563888239,15.963237088530205,cora,7,10007,110007,16,3.4011033029528335
460,0.000327275821516858,600.0,3.9989692189921047,0.8142520493284564,0.8545446243852945,399.58631483338064,308.4544066654147,0.7719343611505662,0.9456928842820933,147.28265515114785,0.3685878361789285,14.23767756373511,16.33519227261174,cora,7,10007,110007,16,3.4011033029528335
470,0.000327275821516858,600.0,3.9989310007214254,0.8140207318307333,0.8541629263944501,408.541122198945,319.9518593058876,0.7831570481418573,0.9493585146669784,145.21400841663134,0.35544526738220805,14.57648214240201,16.699180186694182,cora,7,10007,110007,16,3.4011033029528335
480,0.000327275821516858,600.0,3.998893902593196,0.813529182148072,0.8538945646275242,417.15905257986964,331.11251514050684,0.793732062369932,0.9528238945685757,142.95647974463907,0.342690584947257,14.905815729419748,17.054564454661595,cora,7,10007,110007,16,3.4011033029528335
490,0.000327275821516858,600.0,3.9988579976742633,0.8129942604345877,0.8533779894444962,425.4501002245719,341.96493501615436,0.8037721341131422,0.9560782083844462,140.53486857425932,0.33032045003651106,15.225198086257315,17.40076267993132,cora,7,10007,110007,16,3.4011033029528335
500,0.000327275821516858,600.0,3.998823342356244,0.812705113562434,0.8529278806022144,433.42289298646904,352.5268430661288,0.813355382861916,0.9591195466445206,137.9734822547697,0.31833455151405,15.534203483357603,17.73725920124541,cora,7,10007,110007,16,3.4011033029528335
510,0.000327275821516858,600.0,3.9987899772923003,0.8126183695007879,0.8527891153867007,441.0851917933183,362.80828702834697,0.8225356320698022,0.961951740078428,135.29579227220165,0.30673392530393073,15.832470720039622,18.06361319135698,cora,7,10007,110007,16,3.4011033029528335
520,0.000327275821516858,600.0,3.998757928499047,0.8118665876331883,0.8520563626950078,448.4442494725393,372.8141203926771,0.8313499857143481,0.9645820146456887,132.52442681879046,0.29552040632623977,16.119708937820285,18.379462966547894,cora,7,10007,110007,16,3.4011033029528335
530,0.000327275821516858,600.0,3.99872720849183,0.8109557749859042,0.8511289054881118,455.5070607107253,382.5458033714702,0.8398240913644367,0.9670194269958595,129.68125319522716,0.28469647208736165,16.395700248336485,18.68452744855925,cora,7,10007,110007,16,3.4011033029528335
540,0.000327275821516858,600.0,3.9986978174231074,0.8098714742153277,0.8499543248645598,462.2805344370653,392.0026549481487,0.8479756895355839,0.9692739040363451,126.78742603749075,0.27426511953804006,16.66030003071714,18.978605563076574,cora,7,10007,110007,16,3.4011033029528335
550,0.000327275821516858,600.0,3.998669744233716,0.8090474056296896,0.849016273988109,468.7716131318555,401.1827155047553,0.8558169997207385,0.9713556908319629,123.86336201136204,0.26422965585273595,16.913435530578287,19.26157414537519,cora,7,10007,110007,16,3.4011033029528335
560,0.000327275821516858,600.0,3.9986429678318034,0.8082811664184822,0.8482411763593154,474.98735580891855,410.0833539903272,0.863356358806525,0.9732750486266797,120.92864472403879,0.2545933975823282,17.15510320085953,19.53338473996722,cora,7,10007,110007,16,3.4011033029528335
570,0.000327275821516858,600.0,3.9986174583054748,0.8074570978328441,0.8474076554920249,480.9349950775987,418.70171337228146,0.8705993900583676,0.975042095735796,118.00187786956892,0.2453593085912356,17.38536508816033,19.794059552203354,cora,7,10007,110007,16,3.4011033029528335
580,0.000327275821516858,600.0,3.9985931781647337,0.806040278159291,0.8466465740622185,486.62197432815054,427.03505259107493,0.8775498746859024,0.9766667263771672,115.1005052602201,0.23652960887993682,17.604344481206653,20.043686730474324,cora,7,10007,110007,16,3.4011033029528335
590,0.000327275821516858,600.0,3.9985700836002858,0.8049415200451069,0.8460240031395854,492.05596844584244,435.0810183658538,0.8842104278097798,0.9781585703755142,112.24061399530787,0.2281053806741123,17.81222098591896,20.282415113445012,cora,7,10007,110007,16,3.4011033029528335
600,0.000327275821516858,600.0,3.9985481257414643,0.8044788850496609,0.8454221241736593,497.24489005665254,442.83786498496784,0.8905830383385419,0.979526972545489,109.4367361277793,0.2200861955872706,18.0092251613194,20.51044855448111,cora,7,10007,110007,16,3.4011033029528335
0,0.000327275821516858,600.0,3.9999915603560434,0.5719903424944701,0.5669361894910708,480.5857130471574,1.3051781565639777,0.0027158072350684033,0.009760718707809677,480.5747457513073,0.999977179313591,2.945938031213792,5.651964020864129,cora,8,10008,110008,16,3.5366547770099714
1,0.000327275821516858,600.0,3.9999844856186137,0.5749540979340457,0.5692470358830704,318.8540160429488,1.3124874859202658,0.004116264559589167,0.04910136335110755,318.7922664116186,0.9998063388628547,2.951066619755128,5.655804416531722,cora,8,10008,110008,16,3.5366547770099714
10,0.000327275821516858,600.0,3.999977858427686,0.5796816492937588,0.5745849391845017,30.205834231855405,1.39272292617234,0.046107745791161066,0.829701811770655,29.06069017344851,0.962088646530437,3.005317854050291,5.695077702505047,cora,8,10008,110008,16,3.5366547770099714
20,0.000327275821516858,600.0,3.999976397288042,0.586245283291648,0.5816685537786612,30.490523193989805,1.49131108737813,0.04891064275578231,0.859166288960107,29.219205351893635,0.9583044923825128,3.069132956988875,5.74144018022243,cora,8,10008,110008,16,3.5366547770099714
30,0.000327275821516858,600.0,3.9999748088352387,0.5941968222758751,0.5907645321562647,31.879191280197325,1.5996193734444344,0.050177539304081524,0.8596559561716578,30.515013415474513,0.9572078898510136,3.136088261126832,5.790444156524564,cora,8,10008,110008,16,3.5366547770099714
40,0.000327275821516858,600.0,3.9999730746090254,0.6020037878240252,0.5997891215611695,33.36808384631807,1.7188682350358029,0.05151234463903649,0.8600837997794173,31.901766896338838,0.956056303480518,3.2063983251430725,5.842289467473876,cora,8,10008,110008,16,3.5366547770099714
50,0.000327275821516858,600.0,3.999971177216423,0.6093770330639449,0.6082071688218219,34.966473830998034,1.8504682770848626,0.05292121493372915,0.8604669520609828,33.38752183602589,0.9548438311908823,3.2802976579427456,5.8971958424429705,cora,8,10008,110008,16,3.5366547770099714
60,0.000327275821516858,600.0,3.9999690967467716,0.6172996573609566,0.6193360209595509,36.6849965547524,1.9960560624048136,0.05441069237735098,0.8608176637540853,34.981508427375495,0.9535644463034241,3.3580426294582026,5.955405016108609,cora,8,10008,110008,16,3.5366547770099714
70,0.000327275821516858,600.0,3.9999668103493056,0.6256126299353757,0.63321757118991,38.53552686112162,2.1575385613216067,0.05598829799569553,0.861150796646487,36.69395592991471,0.9522110872431105,3.439913926615265,6.017183347772425,cora,8,10008,110008,16,3.5366547770099714
80,0.000327275821516858,600.0,3.99996429173505,0.633549711575995,0.6423846426003375,40.531328790190486,2.3371483109269673,0.057662760651770464,0.8614845753693949,38.536189809542996,0.9507753868377896,3.526219297903164,6.082824779800794,cora,8,10008,110008,16,3.5366547770099714
90,0.000327275821516858,600.0,3.9999615105885495,0.6420217149300989,0.6535339055666736,42.68721981963575,2.537512445508529,0.05944431275286041,0.8618414567543949,40.52072913782217,0.9492473229465974,3.6172966117509873,6.152654172581665,cora,8,10008,110008,16,3.5366547770099714
100,0.000327275821516858,600.0,3.9999584318739068,0.6505226329714178,0.6641583622598788,45.01974930265568,2.761739866557092,0.0613450743137341,0.8622490836042678,42.66137932386213,0.9476147687331872,3.7135172480431717,6.227031052411622,cora,8,10008,110008,16,3.5366547770099714
110,0.000327275821516858,600.0,3.999955015017954,0.6587488614841909,0.677428543039438,47.54738999173464,3.0135323768424143,0.0633795541115142,0.8627412581869283,44.97331293321326,0.9458629157358828,3.8152898334761516,6.306353804339376,cora,8,10008,110008,16,3.5366547770099714
120,0.000327275821516858,600.0,3.999951212952114,0.6671774928074716,0.689571184468794,50.29074036627656,3.2973277889119252,0.06556530615570362,0.8633588165244372,47.47312807681191,0.9439735372964592,3.923064316828477,6.39106433237386,cora,8,10008,110008,16,3.5366547770099714
130,0.000327275821516858,600.0,3.999946970994284,0.6753169772585985,0.70017778237157,53.27273383055952,3.6184860890999775,0.06792379194597029,0.8641502068817846,50.17886942537227,0.9419240541507093,4.037336356871954,6.48165319192517,cora,8,10008,110008,16,3.5366547770099714
140,0.000327275821516858,600.0,3.9999422255535975,0.6834420043661178,0.7105906757900482,56.518848554901005,3.983534032401098,0.0704815142957414,0.8651714722230167,53.10999100113447,0.9396863587824996,4.158651959908702,6.5786651701027195,cora,8,10008,110008,16,3.5366547770099714
150,0.000327275821516858,600.0,3.9999369026455045,0.692029666469083,0.7227284566351679,60.05730859148312,4.400489483405832,0.07327150660943665,0.8664852104086564,56.28723217221507,0.9372253517900285,4.2876122508504455,6.68270524334058,cora,8,10008,110008,16,3.5366547770099714
160,0.000327275821516858,600.0,3.9999309162140575,0.7004149257615406,0.732544072906604,63.91926265268691,4.879294871206773,0.07633528092648714,0.8681579545731973,59.73236840469246,0.9344971441434728,4.424878184946392,6.79444477176611,cora,8,10008,110008,16,3.5366547770099714
170,0.000327275821516858,600.0,3.9999241662753082,0.7085110381818444,0.7430262848664022,68.13892129547757,5.432399681080259,0.07972535487497967,0.8702553209018516,63.46778613615193,0.9314468871752498,4.571174898676332,6.914627686703302,cora,8,10008,110008,16,3.5366547770099714
180,0.000327275821516858,600.0,3.999916536923978,0.7171709870028481,0.7538902173715641,72.75362588878343,6.0755449847537735,0.0835084837426701,0.8728342917248162,67.51581680266658,0.9280062124446724,4.727295248450342,7.044076280478322,cora,8,10008,110008,16,3.5366547770099714
190,0.000327275821516858,600.0,3.9999078942899127,0.7249490378637828,0.7628005552377677,77.80381336070877,6.828817692179225,0.08776970430125221,0.8759322673712413,71.89774949270206,0.924090303381077,4.894101884392659,7.183696003364161,cora,8,10008,110008,16,3.5366547770099714
200,0.000327275821516858,600.0,3.99989808459718,0.7323945698217409,0.7727896638939412,83.33282917682625,7.7180556234538225,0.09261722780438265,0.8795531998939886,76.6324271615199,0.9195946893739971,5.072526944663752,7.334478398066354,cora,8,10008,110008,16,3.5366547770099714
210,0.000327275821516858,600.0,3.999886932573217,0.739420838815076,0.7807740213385769,89.38652747414086,8.77669034856579,0.0981880670004196,0.8836523660021595,81.73432227718568,0.9143919624893256,5.2635681296590775,7.49750094812278,cora,8,10008,110008,16,3.5366547770099714
220,0.000327275821516858,600.0,3.999874240583001,0.7461145889054345,0.7872469642630034,96.01258261416626,10.048101549509196,0.1046540075886537,0.888123127695576,87.21099201139272,0.9083287798002123,5.468279533321676,7.673922183866317,cora,8,10008,110008,16,3.5366547770099714
230,0.000327275821516858,600.0,3.99985978902344,0.751839696974078,0.7931451671192948,103.25942262220319,11.588506662569177,0.11222711078840931,0.8927909362345859,93.0598430591681,0.9012237401292428,5.687755202468674,7.864969901163048,cora,8,10008,110008,16,3.5366547770099714
240,0.000327275821516858,600.0,3.9998433386940784,0.756899767236768,0.7983020747123919,111.17468585850422,13.470300030366621,0.12116337389530138,0.8974207912912588,99.26420959136063,0.8928670121694569,5.923103035977853,8.071919866796181,cora,8,10008,110008,16,3.5366547770099714
250,0.000327275821516858,600.0,3.9998246360285616,0.7624369298385116,0.8034772878826559,119.8031041748958,15.785565162597724,0.13176257219139334,0.9017428035718982,105.78888658037206,0.8830229175525792,6.175406455344605,8.296062036036385,cora,8,10008,110008,16,3.5366547770099714
260,0.000327275821516858,600.0,3.999803422160438,0.7671066518237939,0.8071720110045728,129.183738164211,18.649203836119213,0.1443618531336615,0.905495268954875,112.57548549971791,0.871436971088562,6.445671486158341,8.538651305565233,cora,8,10008,110008,16,3.5366547770099714
270,0.000327275821516858,600.0,3.9997794466976826,0.7722679234917376,0.8116989813078567,139.34654506986345,22.200778450693562,0.15932062355448334,0.9084766110355199,119.5382971013716,0.8578490198048276,6.734757777060705,8.800840479477602,cora,8,10008,110008,16,3.5366547770099714
280,0.000327275821516858,600.0,3.9997524866456544,0.7768219867281585,0.8154709950087412,150.3083602008207,26.60381629406408,0.17699492069848835,0.910590563204338,126.56172724660516,0.8420138911602212,7.04329398255075,9.083594818567608,cora,8,10008,110008,16,3.5366547770099714
290,0.000327275821516858,600.0,3.9997223700008604,0.7812314765285027,0.8191204598618076,162.06852620091567,32.04109752531909,0.19770092488900576,0.9118682837340598,133.50072053134062,0.8237300829517036,7.371581113740002,9.387590619535782,cora,8,10008,110008,16,3.5366547770099714
300,0.000327275821516858,600.0,3.9996890020804243,0.785033757897324,0.8219485098522299,174.60460504636205,38.70451949995605,0.22166952291824718,0.9124590349031031,140.18571510454547,0.8028752452853264,7.71949190102381,9.713104825988161,cora,8,10008,110008,16,3.5366547770099714
310,0.000327275821516858,600.0,3.9996523908297172,0.788850496609753,0.8253370260500988,187.86882296569487,46.77871354428312,0.2489966818646912,0.912593839148328,146.43331395170347,0.7794444636428175,8.086379325501511,10.059908232900604,cora,8,10008,110008,16,3.5366547770099714
320,0.000327275821516858,600.0,3.9996126657079487,0.7914961904899595,0.8271534709087468,201.78606153093403,56.418870247029766,0.2795974598987883,0.9125365128763885,152.06276244072518,0.75358407457402,8.471011850293092,10.42718006399938,cora,8,10008,110008,16,3.5366547770099714
330,0.000327275821516858,600.0,3.999570084196178,0.7943009151498504,0.8294727702925707,216.25422224109693,67.72519688966794,0.3131739865599602,0.9125383011897341,156.916458427883,0.7256110738635215,8.871554334866058,10.813464334034581,cora,8,10008,110008,16,3.5366547770099714
340,0.000327275821516858,600.0,3.9995250214522358,0.7969176943428415,0.8317324559578161,231.14756174570238,80.71866435253376,0.34920837469761684,0.912806701046714,160.8805295597116,0.6960079022451673,9.285609839353318,11.21668590607515,cora,8,10008,110008,16,3.5366547770099714
350,0.000327275821516858,600.0,3.9994779424781797,0.7993754427561481,0.8337581763044475,246.3230847615204,95.32426739156413,0.3869887691762754,0.9134908992378385,163.89999519050008,0.6653862562219093,9.710327411062092,11.634234993046723,cora,8,10008,110008,16,3.5366547770099714
360,0.000327275821516858,600.0,3.9994293614111345,0.8015006722664777,0.8356359040814693,261.6293765881986,111.36775176307907,0.4256699045626307,0.9146802379603864,165.9834105735577,0.6344219167513957,10.142566034900614,12.063114122358156,cora,8,10008,110008,16,3.5366547770099714
370,0.000327275821516858,600.0,3.999379796966746,0.8033801269354768,0.8374299439008013,276.91657673277984,128.58896323788093,0.4643599337932278,0.9164100353158869,167.1947765757289,0.6037730877233444,10.579089874475729,12.500125668203461,cora,8,10008,110008,16,3.5366547770099714
380,0.000327275821516858,600.0,3.999329734260736,0.80498489207593,0.8388173385973992,292.04581962356264,146.67020251513458,0.5022164080423668,0.9186701212489816,167.63503911637812,0.5740025292348102,11.016760914227849,12.942067266147582,cora,8,10008,110008,16,3.5366547770099714
390,0.000327275821516858,600.0,3.9992796003280064,0.8070378348682214,0.8405852675929838,306.89659047551527,165.27313509052712,0.5385303721831765,0.9214137639002113,167.41943671226085,0.5455239383821628,11.45269655381002,13.385901714711466,cora,8,10008,110008,16,3.5366547770099714
400,0.000327275821516858,600.0,3.9992297551444813,0.8088739175063974,0.8423510518592006,321.37104015593076,184.07522319912638,0.572780992057692,0.924566639675737,166.65797418364738,0.5185842946607265,11.88437131729855,13.828877777314998,cora,8,10008,110008,16,3.5366547770099714
410,0.000327275821516858,600.0,3.999180494780722,0.8106666281137505,0.8436263052160811,335.39512610371617,202.7975732257275,0.60465271389488,0.9280362986372821,165.44384817305522,0.4932804185171554,12.309658454500669,14.26859401816803,cora,8,10008,110008,16,3.5366547770099714
420,0.000327275821516858,600.0,3.9991320608383614,0.8117943009151498,0.8450946703612887,348.91716531216707,221.2198801657031,0.6340183348898397,0.9317222062480774,163.8504477623255,0.4695969818960692,12.72682180174205,14.703012551346811,cora,8,10008,110008,16,3.5366547770099714
430,0.000327275821516858,600.0,3.9990846509083036,0.8123147652850264,0.8462543644078724,361.9047657285502,239.1827462115004,0.6608996864962576,0.9355255479156526,161.93421077269352,0.44744978819691383,13.134475941478886,15.130438182662981,cora,8,10008,110008,16,3.5366547770099714
440,0.000327275821516858,600.0,3.9990384270840242,0.8135436394916797,0.8474810807918103,374.34110638028875,256.5809683530897,0.685420232990475,0.9393573816334244,159.73963812103193,0.42672214031112654,13.531532777438223,15.549479722085911,cora,8,10008,110008,16,3.5366547770099714
450,0.000327275821516858,600.0,3.9989935218326225,0.8145122815133947,0.8485212081539204,386.2212894186616,273.35246472824355,0.7077612555736954,0.9431438922488277,157.30380348056133,0.40728931260452844,13.91714782289192,15.959006512297492,cora,8,10008,110008,16,3.5366547770099714
460,0.000327275821516858,600.0,3.9989500417979573,0.8154086368170711,0.8494425984957708,397.5491662318092,289.4666922502419,0.7281280325499542,0.9468283240807818,154.65937033741187,0.3890320581058159,14.290673412299771,16.358107859577153,cora,8,10008,110008,16,3.5366547770099714
470,0.000327275821516858,600.0,3.9989080703773774,0.8163628214951784,0.8501347280699372,408.3347754645206,304.91475285194497,0.7467273697300817,0.9503701244244857,151.83630793703446,0.371842706182215,14.65162121515271,16.746058568101382,cora,8,10008,110008,16,3.5366547770099714
480,0.000327275821516858,600.0,3.998867669667819,0.8175627810146163,0.8511944021962461,418.5923720065778,319.70187093362455,0.7637546508578057,0.9537424150291341,148.86286317136364,0.3556272716049981,14.999633662748137,17.122291070865714,cora,8,10008,110008,16,3.5366547770099714
490,0.000327275821516858,600.0,3.998828882079173,0.8181844467897469,0.8520283084807447,428.33895926214404,333.8420245940392,0.7793874859506473,0.9569289459656771,145.76618492882272,0.3403056896340209,15.334462803823332,17.48637345381638,cora,8,10008,110008,16,3.5366547770099714
500,0.000327275821516858,600.0,3.998791731759031,0.8183434775694314,0.8524634715155406,437.5932248720969,347.3542140836761,0.793783345674978,0.9599213325417901,142.5727253333673,0.32581108945422893,15.655954923187448,17.83799232328492,cora,8,10008,110008,16,3.5366547770099714
510,0.000327275821516858,600.0,3.998756225943117,0.8183290202258237,0.8524904519666575,446.3747898020376,360.2599013758038,0.8070794086188765,0.9627169168569755,139.30839577569924,0.31208840409083366,15.964039403200973,18.17693944464397,cora,8,10008,110008,16,3.5366547770099714
520,0.000327275821516858,600.0,3.9987223563487793,0.8179386719484163,0.8525942587020221,454.70369449835954,372.58130569773476,0.8193936187582019,0.9653172482759734,135.99845887565968,0.299092487088095,16.258720511039865,18.50310113962083,cora,8,10008,110008,16,3.5366547770099714
530,0.000327275821516858,600.0,3.998690100704885,0.8176495250762625,0.853078933013116,462.6000581292891,384.34035487349746,0.830826430130021,0.9677270147993353,132.6672082650333,0.28678597404748923,16.540071000561266,18.816449524264964,cora,8,10008,110008,16,3.5366547770099714
540,0.000327275821516858,600.0,3.998659424454577,0.8173748355477166,0.8531505456445325,470.08385802368434,395.5581427031186,0.8414629346476924,0.9699532433621592,129.33754475910297,0.27513717510501395,16.808226643830473,19.117034815157353,cora,8,10008,110008,16,3.5366547770099714
550,0.000327275821516858,600.0,3.9986302826026083,0.817577238358224,0.8535213850491241,477.17478743181783,406.25475406832584,0.8513751454782686,0.9720046454463637,126.03056574479868,0.2641182415003576,17.063381059334912,19.404978128205897,cora,8,10008,110008,16,3.5366547770099714
560,0.000327275821516858,600.0,3.9986026216322945,0.8177796411687317,0.853661581558832,483.8921607627224,416.4493245903768,0.8606242430833337,0.9738910519301976,122.76525215013957,0.2537037424963323,17.3057804579363,19.680464412622793,cora,8,10008,110008,16,3.5366547770099714
570,0.000327275821516858,600.0,3.9985763813998663,0.817996501322847,0.8535963184393675,490.25484568867853,426.1602178669048,0.8692626327196467,0.9756229262919393,119.55828923969212,0.2438696736831725,17.53571814866346,19.943735361900956,cora,8,10008,110008,16,3.5366547770099714
580,0.000327275821516858,600.0,3.998551496922856,0.8184157642874698,0.8541210922282332,496.28120998004414,435.4052316966818,0.8773357180179959,0.9772109631873522,116.42401578511368,0.2345928345540126,17.75352880865603,20.19508229345813,cora,8,10008,110008,16,3.5366547770099714
590,0.000327275821516858,600.0,3.998527900003087,0.8183434775694314,0.8538483663873784,501.98907708492436,444.2017779238441,0.8848833534453499,0.978665778545618,113.3744716196438,0.2258504752294911,17.95958261738062,20.434839078215717,cora,8,10008,110008,16,3.5366547770099714
600,0.000327275821516858,600.0,3.9985055206524476,0.8185892524107621,0.8541283260683166,507.39568830129764,452.56701048219395,0.8919409859341458,0.9799976886455355,110.41950651052004,0.21762011198832185,18.15427939327632,20.663375237037474,cora,8,10008,110008,16,3.5366547770099714
0,0.000327275821516858,600.0,4.000011008606536,0.5364541919067791,0.5450397938288605,773.3312952809165,1.3199909325405157,0.001706889324918659,-0.03190570465394185,773.3745358520805,1.0000559146790358,2.9543400160140063,5.659157909248475,cora,9,10009,110009,16,3.4138736330205575
1,0.000327275821516858,600.0,3.999992849536834,0.5432491434023912,0.5503999690430353,512.3458574458839,1.3253563914055122,0.002586839284721848,0.00807980468215893,512.3368629881461,0.9999824445584812,2.958089522940042,5.662342779941644,cora,9,10009,110009,16,3.4138736330205575
10,0.000327275821516858,600.0,3.9999775452838433,0.5451864274458211,0.5547419238549618,32.24043711013486,1.406881214658881,0.04363716316416269,0.7917167598737879,31.138448667339638,0.9658196804518878,3.012473453986282,5.701569657743354,cora,9,10009,110009,16,3.4138736330205575
20,0.000327275821516858,600.0,3.9999760220403595,0.5521404097211179,0.5628252159913225,31.095459218688315,1.5088745679592543,0.04852395191682596,0.859742738634286,29.808178300410756,0.9586022862944598,3.0776750528742904,5.748581646632467,cora,9,10009,110009,16,3.4138736330205575
30,0.000327275821516858,600.0,3.9999743664517515,0.5593690815249606,0.5724503902574312,32.56253355999498,1.6212594072897912,0.049789105147567674,0.8601553022334716,31.178965610567815,0.9575104330601915,3.1461998064014773,5.798344585691127,cora,9,10009,110009,16,3.4138736330205575
40,0.000327275821516858,600.0,3.9999725530261223,0.5664820945799418,0.5827625289136746,34.140553129896,1.7453897924442523,0.051123653029389836,0.8604920541662815,32.65076976845401,0.9563632330216284,3.2182829491107916,5.8510754864824515,cora,9,10009,110009,16,3.4138736330205575
50,0.000327275821516858,600.0,3.9999705621015895,0.5737685957582155,0.5920995003469555,35.839704472289384,1.8828446324943124,0.05253516066099524,0.8607915122293746,34.23238340229372,0.9551525021296307,3.2941846967698294,5.9070144146273815,cora,9,10009,110009,16,3.4138736330205575
60,0.000327275821516858,600.0,3.999968371064362,0.5813008717778195,0.60398863797297,37.67206861567918,2.0354686503216555,0.054031241848887746,0.8610736170128255,35.934288564197,0.9538708620115722,3.3741906114467413,5.966426713541636,cora,9,10009,110009,16,3.4138736330205575
70,0.000327275821516858,600.0,3.9999659538423544,0.5894837282597696,0.6160083480296568,39.65111863791593,2.2054276330810416,0.05562081749118994,0.8613621195752039,37.76806713110132,0.9525094985589142,3.4586144644947874,6.029606114890255,cora,9,10009,110009,16,3.4138736330205575
80,0.000327275821516858,600.0,3.99996328031028,0.598244878486027,0.6286078045019302,41.79187661027048,2.3952778125124303,0.057314435406898755,0.8616854165031849,39.74648977147422,0.9510577891040767,3.5478014369558895,6.096878243917925,cora,9,10009,110009,16,3.4138736330205575
90,0.000327275821516858,600.0,3.999960315588805,0.6058349838800619,0.6395443409320839,44.11108273589874,2.608053680417044,0.059124680662044654,0.8620773471086899,41.88359807741273,0.949502834201047,3.642131653407871,6.168604554834769,cora,9,10009,110009,16,3.4138736330205575
100,0.000327275821516858,600.0,3.999957019221016,0.6137720655206812,0.6513718170653164,46.62737525254794,2.8473801257141065,0.06106670406154831,0.8625779266972418,44.19477223878045,0.9478288666134052,3.7420240532260705,6.245186725732766,cora,9,10009,110009,16,3.4138736330205575
110,0.000327275821516858,600.0,3.999953344208429,0.6213477135711085,0.6621195654033057,49.36147863080722,3.1176169345555977,0.06315890489977842,0.8632338829951014,46.696773654857694,0.9460165082192971,3.847940586641777,6.327071530930592,cora,9,10009,110009,16,3.4138736330205575
120,0.000327275821516858,600.0,3.999949235888797,0.6296173141147046,0.674625093359839,52.33639603897774,3.4240466866373467,0.06542381489331582,0.8640987900756303,49.40774765168797,0.9440418406894383,3.960390697046389,6.414756188563668,cora,9,10009,110009,16,3.4138736330205575
130,0.000327275821516858,600.0,3.999944630639836,0.6377567985658316,0.6870690937117411,55.577599897101464,3.773121212344182,0.06788924349611868,0.8652325026530606,52.347165877531054,0.9418752514403039,4.0799360123989805,6.508794148822459,cora,9,10009,110009,16,3.4138736330205575
140,0.000327275821516858,600.0,3.9999394543979103,0.6456505081756279,0.6978331446824673,59.11321141495634,4.172787414988836,0.07058976014172479,0.8666994893297995,55.53568066876678,0.9394800136795748,4.207195112634586,6.609801238308216,cora,9,10009,110009,16,3.4138736330205575
150,0.000327275821516858,600.0,3.999933620990499,0.654281542309416,0.7084158853760741,62.974156067387376,4.632920803693947,0.07356860485333622,0.8685655662169176,58.994854425539835,0.9368105602306227,4.342848160606696,6.718462001671588,cora,9,10009,110009,16,3.4138736330205575
160,0.000327275821516858,600.0,3.999927030298525,0.6623921120733277,0.7182912625078715,67.19427672982611,5.165904827394713,0.07688013144580329,0.8708924847981853,62.746715655861564,0.9338104182317901,4.487641073907615,6.835535974286784,cora,9,10009,110009,16,3.4138736330205575
170,0.000327275821516858,600.0,3.9999195662927898,0.6710231462071159,0.7286589296667405,71.81037938076041,5.787405997228455,0.08059288987378653,0.8737299052525241,66.81308001890262,0.9304097902705598,4.642388765303277,6.9618634685837675,cora,9,10009,110009,16,3.4138736330205575
180,0.000327275821516858,600.0,3.999911095032602,0.6787722823808353,0.7378782831591242,76.8621776078309,6.517407920644063,0.08479343317460282,0.8771046013842356,71.2145602842552,0.9265228035511668,4.807976781545938,7.098370249911502,cora,9,10009,110009,16,3.4138736330205575
190,0.000327275821516858,600.0,3.9999014627795897,0.6870707976116468,0.7468410822708003,82.39209148953701,7.381579110411652,0.08959086942645508,0.8810074300289771,75.96917572401993,0.9220445111976223,4.98536041657692,7.246070203908194,cora,9,10009,110009,16,3.4138736330205575
200,0.000327275821516858,600.0,3.9998904944716145,0.6945741589440357,0.7548153130898136,88.44484393253616,8.413054154552595,0.0951220419470681,0.8853797504661123,81.09046323243179,0.9168478299796183,5.175560063449403,7.406064748736755,cora,9,10009,110009,16,3.4138736330205575
210,0.000327275821516858,600.0,3.9998779929248998,0.7027136433951625,0.7633553053335379,95.06678399771158,9.65469545931951,0.10155697977068326,0.8901025199120669,86.58499674354081,0.9107807490955523,5.37965120933868,7.57953732525864,cora,9,10009,110009,16,3.4138736330205575
220,0.000327275821516858,600.0,3.999863739286496,0.7100001445734361,0.771042148985501,102.3048539728802,11.161857765630756,0.10910389226096381,0.8949927786145919,92.44924995939596,0.9036643557880759,5.598747101670928,7.767740831080773,cora,9,10009,110009,16,3.4138736330205575
230,0.000327275821516858,600.0,3.9998474954322845,0.717358932469748,0.7793721877208777,110.20510843172192,13.00557983475193,0.11801249524480616,0.8998127371124398,98.66580677954107,0.8952924976310869,5.8339717898468,7.9719754136706396,cora,9,10009,110009,16,3.4138736330205575
240,0.000327275821516858,600.0,3.9998290091661026,0.7230840405383916,0.7856409620556015,118.81069508635325,15.275956886547533,0.128573920684874,0.9042949532825725,105.19905512708885,0.885434219963352,6.086421101129522,8.193553726781852,cora,9,10009,110009,16,3.4138736330205575
250,0.000327275821516858,600.0,3.9998080231595874,0.7283609709551966,0.7909803466524036,128.1592275768453,18.08519287583076,0.14111502712504048,0.9081823930976108,111.99071363261407,0.8738404229649679,6.3571093384539274,8.43375078890532,cora,9,10009,110009,16,3.4138736330205575
260,0.000327275821516858,600.0,3.9997842884757637,0.7328861195044022,0.7957158646975392,138.27953075926507,21.569506432229392,0.15598481072213344,0.9112754614422564,118.95584543324843,0.8602563573949508,6.646900365129879,8.693736260306768,cora,9,10009,110009,16,3.4138736330205575
270,0.000327275821516858,600.0,3.9997575831006076,0.737266694617531,0.7993390427417095,149.18783160748686,25.888720601908496,0.17353104688874166,0.9134725878574669,125.98038467609445,0.8444414220561152,6.956423581441773,8.974488640526133,cora,9,10009,110009,16,3.4138736330205575
280,0.000327275821516858,600.0,3.9997277350214366,0.7414737816073674,0.8029396642525832,160.88361154332796,31.222110547540872,0.19406644497865694,0.9147906933955694,132.92155201909864,0.8261969677582804,7.285978356060779,9.276693913438965,cora,9,10009,110009,16,3.4138736330205575
290,0.000327275821516858,600.0,3.999694647976197,0.7448568000115658,0.805555071187684,173.34552430828643,37.759083803636706,0.21782554787214492,0.9153584608476306,139.6126889747411,0.8054011750914714,7.6354347506601625,9.60063563001702,cora,9,10009,110009,16,3.4138736330205575
300,0.000327275821516858,600.0,3.9996583262093215,0.7477771834203182,0.8073505690058477,186.5279890290799,45.683744825930894,0.24491629949867072,0.9153857749031972,145.87373656417049,0.7820474413704671,8.004143337226983,9.946088880143854,cora,9,10009,110009,16,3.4138736330205575
310,0.000327275821516858,600.0,3.9996188929222507,0.7504807066749555,0.8093796069561981,200.35922964490305,55.1535559658625,0.2752733480938773,0.9151210785351274,151.52755783554832,0.7562793992774919,8.390871240575972,10.312235786130914,cora,9,10009,110009,16,3.4138736330205575
320,0.000327275821516858,600.0,3.9995765964855035,0.7533866327401003,0.8108759194045393,214.74155819967223,66.2741875124183,0.3086230167464597,0.9148104022913309,156.4204800871766,0.7284127087395575,8.79378315770151,10.697622880526882,cora,9,10009,110009,16,3.4138736330205575
330,0.000327275821516858,600.0,3.9995317998542914,0.7561913573999913,0.8121945012876031,229.55449646151834,79.07489808248486,0.3444711356187296,0.9146676887311711,160.44317837046054,0.6989328496876411,9.210482717275172,11.100178464249034,cora,9,10009,110009,16,3.4138736330205575
340,0.000327275821516858,600.0,3.9994849524166756,0.7591261981523514,0.8137783815490542,244.66085445158495,93.49053790870956,0.3821229927373202,0.9148593762831592,163.5462883734293,0.6684612000559855,9.638119873579042,11.517299113450527,cora,9,10009,110009,16,3.4138736330205575
350,0.000327275821516858,600.0,3.9994365488652406,0.7615116598476195,0.8146240430359714,259.91520393226045,109.35635508389856,0.4207385848516934,0.9155007936605322,165.74520492846435,0.6376895326664351,10.073555291401759,11.945999729077654,cora,9,10009,110009,16,3.4138736330205575
360,0.000327275821516858,600.0,3.999387084422364,0.7637236334195955,0.8153953557773643,275.173502199295,126.41939225064235,0.45941702685850483,0.9166595117978524,167.11122296801045,0.6072940222528396,10.513557211488878,12.383105048459605,cora,9,10009,110009,16,3.4138736330205575
370,0.000327275821516858,600.0,3.9993370172990375,0.7660946377712559,0.8166423065618045,290.30221307492394,144.3657030308486,0.4972945314529495,0.9183611394314891,167.75095383050368,0.5778493799742715,10.954996290507534,12.825448749894374,cora,9,10009,110009,16,3.4138736330205575
380,0.000327275821516858,600.0,3.99928674641085,0.767656030880886,0.8171180235217271,305.18534987990216,162.85758190284503,0.533634992528093,0.92059489208488,167.78062725593313,0.5497663217515483,11.39500432557595,13.270044677740618,cora,9,10009,110009,16,3.4138736330205575
390,0.000327275821516858,600.0,3.9992366063569866,0.7688993624311469,0.8175999581445734,319.72843998169174,181.57179382509335,0.567893784598863,0.9233183397144095,167.30380128759407,0.5232684377316394,11.831074114933445,13.714204506324927,cora,9,10009,110009,16,3.4138736330205575
400,0.000327275821516858,600.0,3.999186875559928,0.7708077317873614,0.8190634179634472,333.85926120457316,200.2299434572686,0.5997435648028262,0.9264621722210183,166.39891621462255,0.49841036493716184,12.26109530456257,14.155593169099786,cora,9,10009,110009,16,3.4138736330205575
410,0.000327275821516858,600.0,3.9991377901439757,0.7715595136549611,0.8194314455794638,347.52598800976267,218.61542759899558,0.6290620993583198,0.9299362306018264,165.118315861658,0.4751250886509803,12.683337600053102,14.592230339976977,cora,9,10009,110009,16,3.4138736330205575
420,0.000327275821516858,600.0,3.9990895565487614,0.7727883878616143,0.8204071979146619,360.69383502646417,236.57613586019943,0.6558918198389551,0.9336375038618409,163.4956667763055,0.4532810125914955,13.096402256904273,15.022456895564515,cora,9,10009,110009,16,3.4138736330205575
430,0.000327275821516858,600.0,3.9990423588828428,0.7739160606630138,0.8208238933791434,373.34131094256657,254.0161056856706,0.6803857441984166,0.937459713171618,161.55644222931596,0.43273122339833753,13.499163494770483,15.444887287433831,cora,9,10009,110009,16,3.4138736330205575
440,0.000327275821516858,600.0,3.9989963605622547,0.7743497809712442,0.82099415795196,385.45689855807257,270.8813708693216,0.7027539833445499,0.9413030942915116,159.3267162315028,0.41334508949642984,13.890715629934032,15.858363904177372,cora,9,10009,110009,16,3.4138736330205575
450,0.000327275821516858,600.0,3.998951702220415,0.7740606340990905,0.8206628598111851,397.03655140740193,287.1451143171289,0.7232208553576905,0.9450825598043667,156.83776583034674,0.39502097546030324,14.270333386970433,16.261921712155008,cora,9,10009,110009,16,3.4138736330205575
460,0.000327275821516858,600.0,3.998908498644498,0.7732654802006679,0.820092966261423,408.0820218982076,302.7956537132317,0.7419970434001656,0.9487327632322515,154.12637340619173,0.3776847916241632,14.637445667700714,16.65476439460902,cora,9,10009,110009,16,3.4138736330205575
470,0.000327275821516858,600.0,3.9988668369186198,0.7725136983330683,0.8197788862484572,418.599808679102,317.82873753271235,0.7592663229723533,0.9522094906683436,151.23226806173057,0.36128126417196954,14.991618905921678,17.0362488989607,cora,9,10009,110009,16,3.4138736330205575
480,0.000327275821516858,600.0,3.998826776768257,0.7724269542714222,0.8199738484762559,428.60044386471776,332.24390623851406,0.7751832994913617,0.9554878197528156,148.1946055054095,0.3457640038100036,15.33254511490629,17.405874018462548,cora,9,10009,110009,16,3.4138736330205575
490,0.000327275821516858,600.0,3.9987883529812542,0.7724992409894605,0.8200514886011614,438.0978888352696,346.0436831505499,0.7898775410001273,0.9585581851380565,145.04902108231974,0.33108815353561316,15.660030834193114,17.763269493042785,cora,9,10009,110009,16,3.4138736330205575
500,0.000327275821516858,600.0,3.9987515791120662,0.7728751319232604,0.8202087712256941,447.10890695202505,359.2341220228162,0.8034599992018548,0.9614216832955222,141.82604663299728,0.3172069364482942,15.973985105207678,18.10818387422286,cora,9,10009,110009,16,3.4138736330205575
510,0.000327275821516858,600.0,3.9987164515210023,0.7732943948878833,0.8204021108703006,455.6523793032511,371.825527573214,0.8160289388629579,0.9640857105699794,138.5509573066633,0.3040716203842167,16.274406334855843,18.440471047693528,cora,9,10009,110009,16,3.4138736330205575
520,0.000327275821516858,600.0,3.998682953010909,0.773395596293137,0.8203023456216907,463.74859555991566,383.8326774318366,0.8276740481950332,0.9665605757623378,135.2446440117584,0.29163353874628606,16.561368932792675,18.76007631176449,cora,9,10009,110009,16,3.4138736330205575
530,0.000327275821516858,600.0,3.9986510556835553,0.7738726886321906,0.8205891983121785,471.41857922153656,395.2743602282463,0.838478536168369,0.9688572794600747,131.92494486449186,0.2798467236534086,16.835010880481857,19.06702319041863,cora,9,10009,110009,16,3.4138736330205575
540,0.000327275821516858,600.0,3.9986207229706525,0.7747112145614365,0.8212501990043164,478.68350306603287,406.1723707434614,0.8485196756142047,0.9709863353725097,128.6079416422893,0.26867009374364886,17.095523129781984,19.361401915036453,cora,9,10009,110009,16,3.4138736330205575
550,0.000327275821516858,600.0,3.99859191100889,0.775607569865113,0.8215839670698288,485.56423028490127,416.5502441194214,0.8578684716438308,0.9729573544952683,125.30891403107292,0.2580686677796444,17.343141233885248,19.643360024958334,cora,9,10009,110009,16,3.4138736330205575
560,0.000327275821516858,600.0,3.9985645696111405,0.7759545461116975,0.8214695936868005,492.0809922258224,426.43200944146264,0.8665890700483863,0.9747790885592426,122.04284070167786,0.24801372666244098,17.57813912767816,19.913095053793814,cora,9,10009,110009,16,3.4138736330205575
570,0.000327275821516858,600.0,3.998538643069823,0.7759545461116976,0.8208345786072972,498.2531931238507,435.84116324629343,0.8747383243321363,0.9764596810194307,118.8244821700056,0.23848212878481126,17.80082463543224,20.170848924418163,cora,9,10009,110009,16,3.4138736330205575
580,0.000327275821516858,600.0,3.9985140709597036,0.7764894678251818,0.8208612443347219,504.09931922542324,444.7999620301529,0.8823657264874171,0.9780069538572892,115.66815933326706,0.22945509926694138,18.011536129384595,20.416903512239816,cora,9,10009,110009,16,3.4138736330205575
590,0.000327275821516858,600.0,3.998490789025856,0.7757232286139745,0.8197834952731192,509.63692438846243,453.3290452303936,0.8895137372049027,0.9794286353997296,112.58736375078867,0.22091681030743132,18.21063976646452,20.651576829823373,cora,9,10009,110009,16,3.4138736330205575
600,0.000327275821516858,600.0,3.9984687301730175,0.774826873310298,0.8190874498738039,514.8826648241906,461.4473415880006,0.8962184457027006,0.9807324932721957,109.59432138905804,0.21285300297783302,18.398526837125413,20.87521938335311,cora,9,10009,110009,16,3.4138736330205575
